username,user_id,user_watching,user_completed,user_onhold,user_dropped,user_plantowatch,user_days_spent_watching,gender,location,birth_date,access_rank,join_date,last_online,stats_mean_score,stats_rewatched,stats_episodes
karthiga,2255153,3,49,1,0,0,55.31,Female,"Chennai, India ",1990-04-29,,2013-03-03,2014-02-04 01:32:00,7.43,0.0,3391.0
RedvelvetDaisuki,1897606,61,396,39,0,206,118.07,Female,Manila,1995-01-01,,2012-12-13,1900-05-13 02:47:00,6.78,80.0,7094.0
Damonashu,37326,45,195,27,25,59,83.7,Male,"Detroit,Michigan",1991-08-01,,2008-02-13,1900-03-24 12:48:00,6.15,6.0,4936.0
bskai,228342,25,414,2,5,11,167.16,Male,"Nayarit, Mexico",1990-12-14,,2009-08-31,2014-05-12 16:35:00,8.27,1.0,10081.0
shuzzable,2347781,36,72,16,2,25,35.48,Unknown,,,,2013-03-25,2015-09-09 21:54:00,9.06,7.0,2154.0
Bas_G,5015094,35,114,6,20,175,30.81,Male,"Nijmegen, Nederland",1999-10-24,,2015-11-26,1900-05-10 13:53:00,7.86,0.0,1847.0
sprite1989,102436,2583,102,0,0,22,30.86,Male,,1989-07-29,,2008-10-06,2017-10-30 05:26:00,8.49,0.0,1829.0
thetreedude,28328,11,703,27,29,79,206.68,Male,California,,,2007-12-29,2017-09-10 19:04:00,7.23,9.0,12458.0
Heihouka,12489,8,69,0,8,0,112.73,Male,,,,2007-09-06,2015-08-30 04:36:00,8.21,29.0,6871.0
HimeAria,3129315,2,87,2,0,28,20.12,Female,Poland,1996-09-26,,2013-09-08,1900-04-27 10:52:00,8.23,0.0,1314.0
Slimak,61677,79,224,0,3,84,126.17,Male,Poland,1988-02-21,,2008-05-18,1900-05-01 05:04:00,7.77,2.0,7472.0
MistButterfly,2485327,66,3923,115,0,368,614.96,Female,~ Hungary ~,1992-01-16,,2013-04-25,2018-05-17 13:31:00,5.49,0.0,39893.0
BadAngel,15865,3,20,0,0,5,21.34,Male,,1991-06-14,,2007-10-03,2017-05-31 15:52:00,8.71,23.0,1234.0
Not_Rijad,4980716,1,99,5,2,14,52.78,Unknown,Where even am I,,,2015-11-07,1900-05-10 17:59:00,8.02,0.0,3217.0
ProperBritish,253613,6,233,7,9,62,44.63,Male,United Kingdom,1992-02-20,,2009-11-01,1900-04-19 03:47:00,8.0,2.0,2652.0
yen_otaku,211766,15,90,13,0,37,73.65,Female,manila,,,2009-07-22,2010-05-12 02:00:00,8.35,2.0,5399.0
kioniel,144049,11,433,5,2,0,166.24,Male,home,1988-01-16,,2009-01-29,2017-05-31 05:57:00,7.84,0.0,9893.0
iLLMaTiCc,2282031,47,80,10,14,151,61.82,Female,,,,2013-03-09,1900-01-07 20:41:00,7.02,0.0,3697.0
Xinil,1,4,230,8,89,60,133.32,Male,California,1985-03-04,,2004-11-05,2018-05-14 18:02:55,7.37,58.0,7920.0
xxhatechasexx,118593,7,31,18,0,29,23.25,Female,socal =),,,2008-11-28,2011-09-06 12:53:00,10.0,0.0,1371.0
helenply,2529849,9,184,6,8,39,41.15,Female,Mexico,1999-08-30,,2013-05-06,1900-05-13 15:25:00,7.19,1.0,2526.0
cfoordddd,61291,5,392,31,0,288,151.61,Unknown,Sydney Australia N.S.W,,,2008-05-17,1900-04-18 00:58:00,7.94,6.0,10027.0
sweetangie,452735,3,432,7,28,10,134.48,Female,Nevada USA,,,2011-02-23,1900-05-13 02:35:00,7.71,3.0,7851.0
detestedlove311,5309,3,29,5,2,20,24.58,Female,"Chicago, IL",1989-09-14,,2007-06-06,2009-11-16 16:48:00,7.73,0.0,1447.0
ihasabucket,18867,6,146,15,25,15,63.02,Male,"San Jose, CA",1984-09-08,,2007-10-26,2015-06-28 01:17:00,7.84,0.0,3758.0
YunYun_Pachina,270169,27,270,16,78,240,66.97,Female,,,,2009-12-15,1900-05-11 18:17:00,6.57,27.0,4195.0
morbid3500,189574,4,37,0,5,4,11.82,Female,,,,2009-06-02,2014-11-10 16:00:00,8.33,0.0,701.0
xTheFallenx,340873,22,655,2,3,212,131.89,Male,somewhere really hot,1993-05-29,,2010-06-13,1900-05-16 03:20:00,8.02,0.0,8508.0
zZKinhoZz,6951406,10,65,3,8,22,73.3,Male,"Camaragibe, Pernambuco",2000-04-04,,2018-02-03,2018-05-17 10:41:00,6.21,4.0,4455.0
SaberWolfKaiNi,5844149,21,183,46,18,190,44.45,Unknown,,,,2016-11-17,2018-05-16 19:20:20,7.72,0.0,2667.0
glittermilk,502599,15,35,2,6,70,17.2,Female,ａｕｓｔｒｉａ。,1994-04-13,,2011-06-23,2012-09-16 06:47:00,7.91,1.0,1004.0
asksam,60375,2,386,1,14,12,156.31,Male,,,,2008-05-14,2017-08-03 06:14:00,7.47,0.0,9267.0
misumimi,844589,11,116,16,1,101,21.77,Unknown,,,,2011-10-30,2017-08-20 06:54:00,7.04,0.0,1327.0
fluffylonewolf,1537661,6,121,11,12,175,27.63,Female,Canada,1989-01-01,,2012-09-24,2016-06-22 13:18:00,8.4,0.0,1602.0
Lithuelle,2637159,3,148,6,1,110,118.16,Female,"Rhineland-Palatinate, Germany",1985-10-19,,2013-05-29,2017-01-12 05:17:00,7.14,282.0,7447.0
scootarski,19539,4,269,10,8,207,62.81,Male,Philadelphia PA,1984-10-12,,2007-10-31,2017-09-25 15:41:00,7.39,0.0,3606.0
Cheek16,406647,2,124,11,2,11,67.3,Male,The Crimson World (England :P),,,2010-11-11,2016-11-14 16:08:00,8.43,17.0,3951.0
bruital-legend,1392629,5,33,1,0,1,36.76,Unknown,,,,2012-07-12,2013-02-21 21:08:00,7.67,0.0,2212.0
Goudarz,463185,3,56,30,11,112,51.28,Male,Shiraz,,,2011-03-19,1900-04-01 12:07:00,8.41,32.0,3058.0
Akihara,82964,17,623,2,12,27,254.2,Female,Romania,1994-08-11,,2008-08-05,2018-05-18 11:27:29,7.46,20.0,15228.0
Tomoki-sama,1933206,10,348,15,28,172,103.18,Male,"SC, Brasil",1996-06-01,,2012-12-22,1900-05-16 22:26:00,8.48,8.0,6255.0
Sakurei,158248,4,621,14,8,64,284.76,Female,"Vienna, Austria",2003-02-10,,2009-03-11,1900-05-12 03:16:00,5.15,66.0,17174.0
Johnny_FBI,212332,12,522,7,0,157,98.18,Male,ROSTOV,,,2009-07-24,2018-05-17 09:25:00,7.6,36.0,6133.0
raickos,363955,25,172,7,0,0,74.55,Male,"Parana, Brasil",1989-08-17,,2010-08-01,2013-08-24 23:48:00,9.45,3.0,4367.0
josh62,3407185,3,33,1,2,0,36.86,Male,"Santa Barbar, California",,,2013-12-14,2016-11-24 01:49:00,7.51,0.0,2207.0
Spike,4918730,5,353,2,2,54,99.66,Female,Salisbury NC,1994-04-16,,2015-10-05,1900-04-24 00:13:00,7.27,10.0,6003.0
Perfection_Freak,183036,15,389,26,27,4,131.97,Female,"Kemerovo, Russia",1992-01-20,,2009-05-16,2018-05-18 06:27:36,7.25,20.0,8141.0
AAA,38501,1,84,4,2,2,23.89,Male,Starlight Breaker,1991-05-16,,2008-02-20,2008-05-03 22:22:00,7.52,4.0,1431.0
CarinaLuna,4845164,13,21,7,0,12,49.44,Female,,1998-09-05,,2015-08-30,2017-12-28 10:55:00,9.13,15.0,2978.0
K_P,6553594,32,419,15,3,122,181.52,Male,India,1998-02-06,,2017-09-13,2018-05-14 22:22:07,9.05,140.0,11019.0
LyannaStark,167812,14,39,17,14,87,29.12,Female,"Sofia, Bulgaria",1989-09-25,,2009-04-07,2017-04-18 18:07:00,7.7,10.0,1771.0
xXsim00Xx,3791941,4,294,4,2,60,63.33,Male,New South Wales,1998-02-01,,2014-05-22,1900-04-26 04:34:00,7.72,4.0,3860.0
Kyousuke,4663748,1,25,3,22,17,10.2,Male,"Buenos Aires, Argentina",2001-01-13,,2015-06-08,1900-03-10 11:34:00,6.98,0.0,637.0
Redylo,3849091,66,394,3,91,80,89.47,Unknown,,,,2014-06-17,2018-05-18 11:01:41,4.25,39.0,5276.0
Eab1990,149806,35,284,180,0,160,44.38,Male,,1990-06-11,,2009-02-14,2015-08-07 09:14:00,7.36,0.0,2670.0
magedgamed,4511507,14,1166,212,30,140,285.85,Male,"Cairo, Egypt",1997-02-12,,2015-03-21,2018-05-16 22:45:43,7.48,211.0,17031.0
edwardf,120128,0,52,2,1,6,35.31,Male,"Pelotas,Brasil",1993-02-07,,2008-12-03,2017-09-25 12:02:00,5.96,0.0,2166.0
diordiah,935,21,171,5,80,5,61.38,Female,"Chester, California",1985-09-02,,2006-10-10,2017-10-13 22:04:00,6.03,0.0,3725.0
saphireninja,65640,7,14,6,2,9,6.82,Female,Canada,,,2008-06-03,2009-08-16 19:57:00,8.79,4.0,480.0
ShinyShinigami,4420327,45,443,4,0,1450,160.69,Male,Justinside a Reality Marble,2000-10-05,,2015-01-15,2018-05-18 05:27:46,6.88,7.0,9793.0
Tyricky,5749381,1,20,1,0,43,7.44,Male,014,,,2016-10-05,1900-05-13 12:19:00,9.8,2.0,459.0
Chocostars,3091701,71,129,23,7,97,75.94,Female,,,,2013-08-26,1900-05-08 08:05:00,8.09,0.0,4393.0
Gigikasp,5273253,9,256,4,11,82,79.25,Female,Brazil,,,2016-03-19,1900-05-16 16:10:00,7.16,0.0,4899.0
Unwind,136418,17,276,0,6,57,129.04,Male,,1993-08-19,,2009-01-18,1900-04-11 20:54:00,8.58,117.0,7886.0
demitel,130421,1,182,0,1,0,104.8,Male,,,,2009-01-03,2014-10-11 10:43:00,6.93,0.0,6188.0
geauxtiger1,1024243,4,23,0,0,1,8.99,Male,,1995-10-13,,2011-11-27,2014-10-04 19:59:00,8.76,0.0,539.0
SenpajBiju,5285183,18,166,4,8,41,95.75,Male,United Kingdom,2000-07-16,,2016-03-24,2018-05-17 13:08:00,8.35,0.0,5757.0
Tahretsim,2616411,27,257,9,71,99,116.53,Unknown,,,,2013-05-24,1900-05-10 12:16:00,7.86,0.0,6861.0
saligkaros,4659984,0,235,1,0,0,75.75,Male,,,,2015-06-06,1900-03-29 11:57:00,7.74,0.0,4529.0
anime_fan_800,29393,18,121,13,1,300,86.15,Male,Kansas,1985-01-01,,2008-01-03,2014-03-24 18:54:00,7.86,155.0,4784.0
shiftyichi,3583175,10,152,20,2,31,58.21,Unknown,,,,2014-02-18,2014-02-18 06:12:00,7.28,0.0,3418.0
LeakoSuzuki,1560065,2,30,3,3,24,15.6,Female,,2000-05-12,,2012-09-29,2014-08-21 01:49:00,8.0,2.0,927.0
WhatsUpWitches,5158638,6,63,5,0,20,58.54,Male,"Atlanta, Georgia",1996-05-01,,2016-01-26,1900-05-14 17:53:00,8.16,4.0,3488.0
HotDogLoli,6586592,10,51,5,2,12,26.66,Male,,1935-01-30,,2017-09-26,2018-05-18 01:28:04,8.01,12.0,1573.0
Kuba747,4938576,16,123,12,5,193,37.15,Male,,1999-06-02,,2015-10-16,1900-05-11 13:30:00,7.4,13.0,2175.0
Wizzaroo,317746,3,74,14,60,70,64.92,Male,Portugal,1996-01-02,,2010-04-17,2015-11-02 15:10:00,7.57,4.0,3866.0
IHeartRainbows44,5385981,1,118,11,18,11,24.74,Unknown,,,,2016-05-04,2018-05-18 05:28:10,4.14,0.0,1567.0
Tracy_Zski,272142,7,122,15,52,28,34.69,Female,Florida,,,2009-12-21,2010-01-29 07:49:00,6.69,0.0,1967.0
pim,57779,7,417,7,14,84,119.29,Female,what do you want,1930-10-08,,2008-05-03,2018-05-18 11:28:12,6.45,37.0,7068.0
Keval91,400823,6,180,1,4,47,98.05,Unknown,,,,2010-10-27,1900-05-07 00:46:00,6.89,0.0,5819.0
Vins,84714,2,222,12,41,25,83.15,Male,,,,2008-08-10,2016-11-20 14:53:00,7.48,2.0,4771.0
Zrockerstrawhat,3234855,12,47,3,1,24,55.55,Male,,1997-06-29,,2013-10-08,2016-05-02 06:20:00,8.69,12.0,3264.0
Azula_Yatzugami,4554438,139,271,55,5,230,44.08,Female,,1989-05-09,,2015-04-11,1900-05-16 05:40:00,8.91,27.0,2690.0
Tekiru,260546,2,39,9,0,5,11.97,Female,,,,2009-11-19,2012-08-21 13:40:00,8.44,6.0,722.0
Seishuku,109554,16,177,25,32,33,88.72,Male,"Malbork, Poland",1988-04-12,,2008-10-29,1900-05-11 06:34:00,7.36,0.0,5288.0
Estebanrojas,5348148,15,137,0,4,20,32.56,Unknown,,,,2016-04-17,1900-05-16 00:18:00,7.45,0.0,1982.0
saeyoungwife,5684632,12,151,20,31,40,67.38,Unknown,,,,2016-09-09,1900-05-09 14:29:00,7.51,0.0,4154.0
Rorek,1941146,21,1105,6,0,74,153.82,Male,"Zabrze, Poland",,,2012-12-24,2018-05-17 11:58:00,7.94,0.0,9560.0
aimeetron,340650,6,27,1,0,3,16.89,Female,Southern California,,,2010-06-12,2011-01-04 22:35:00,8.89,0.0,987.0
siscorevolution,58011,8,63,2,8,26,35.02,Unknown,,,,2008-05-04,2017-10-25 18:06:00,8.08,0.0,2050.0
VestedChaos144,252023,3,129,7,0,31,49.27,Male,,,,2009-10-28,2011-02-20 18:08:00,8.78,0.0,2833.0
Kryptonik,3793833,18,269,49,4,2,122.05,Male,"Los Angeles, California",,,2014-05-23,1900-05-16 08:56:00,10.0,0.0,7319.0
z435363443,498328,14,63,3,10,145,24.28,Unknown,,,,2011-06-13,2011-09-24 11:02:00,6.83,0.0,1454.0
Roxs,1525261,0,61,1,1,25,23.01,Female,"Caracas, Venezuela",1995-11-01,,2012-09-20,1900-03-01 07:15:00,8.26,0.0,1352.0
LoveLess19,1394131,5,516,2,1,9,181.65,Unknown,,,,2012-07-13,2015-09-29 22:19:00,8.06,0.0,10734.0
vorex,378812,5,70,0,0,17,36.8,Unknown,France,,,2010-09-03,2013-11-01 04:01:00,7.95,1.0,2172.0
Gor3byss333,2324117,6,46,27,14,67,20.45,Male,,1999-10-09,,2013-03-19,2017-09-25 15:13:00,8.59,0.0,1261.0
PrinceRen,54286,9,46,10,8,27,25.04,Male,the Netherlands,1992-01-01,,2008-04-19,2015-06-16 01:08:00,7.44,4.0,1440.0
EvilMink,7028,24,450,5,3,0,142.37,Unknown,,,,2007-07-07,2010-05-18 13:53:00,7.41,0.0,8389.0
nitewing34,89220,72,271,67,3,132,95.23,Male,"Honolulu, Hawaii",1973-12-20,,2008-08-26,2017-08-07 00:29:00,7.29,39.0,5550.0
ChicoDj_,6658717,17,14,1,16,9,11.55,Male,"Americana, São paulo",2006-09-03,,2017-10-23,1900-04-30 11:20:00,7.0,0.0,693.0
pro_devel,5232217,102,183,6,2,62,235.25,Male,,1999-12-08,,2016-02-29,1900-05-08 22:39:00,8.47,0.0,14197.0
AnimeDude201,1709713,3,182,8,0,90,49.29,Male,,1993-04-19,,2012-10-31,1900-05-05 22:47:00,7.79,0.0,2992.0
brunomp,4437072,2,133,0,0,7,68.82,Male,"Pernambuco, Brasil",1996-09-29,,2015-01-21,2018-05-16 20:48:09,8.42,0.0,4066.0
Mukkashi,1425283,13,327,26,23,138,115.47,Male,Saudi Arabia,1996-07-17,,2012-07-29,2018-05-18 01:28:51,7.43,0.0,7030.0
XresonanceX,318001,2,14,3,9,2,10.98,Female,,1997-12-09,,2010-04-18,2010-09-28 23:48:00,9.5,0.0,657.0
Rukawa,21970,26,910,80,179,19,348.78,Male,"Marseille, Universe",2019-06-08,,2007-11-15,2018-05-17 13:41:00,6.64,42.0,21047.0
leSange,297621,48,474,1,32,31,98.49,Male,Ukraine,1990-03-02,,2010-02-22,2018-05-17 08:12:00,7.43,1.0,5666.0
erky1039,185456,6,18,0,0,12,8.28,Male,,1993-09-06,,2009-05-23,2014-05-17 16:33:00,9.2,0.0,497.0
iwakuralain,2579371,19,153,15,33,33,40.89,Unknown,,,,2013-05-16,2014-05-21 15:53:00,6.12,0.0,2400.0
Amar,84539,6,726,10,16,34,212.14,Male,Germany,,,2008-08-10,1900-02-04 09:02:00,7.56,12.0,12818.0
Inrolam,5241230,9,219,2,1,158,45.32,Unknown,,,,2016-03-05,1900-05-14 09:33:00,8.28,1.0,2685.0
Mr_Ghost,4809808,2,59,8,3,12,41.74,Unknown,,,,2015-08-12,1900-02-20 19:48:00,9.12,57.0,2412.0
Kaolla,4266,3,92,2,10,5,58.27,Male,"Sherwood, Oregon",1994-09-11,,2007-05-14,1900-04-01 22:51:00,7.88,65.0,3453.0
acr429,97089,29,188,12,39,27,45.36,Unknown,,,,2008-09-21,2014-07-22 23:03:00,9.0,2.0,2685.0
HellBoy,35522,18,562,30,16,125,151.99,Male,"around the world, Geórgia ",1988-10-24,,2008-02-04,1900-03-03 05:28:00,8.59,2.0,9038.0
adi7639,445729,11,50,9,2,50,34.98,Female,,1996-02-10,,2011-02-07,2013-03-17 01:14:00,7.87,6.0,2138.0
Bombersuar1,4696129,0,63,0,0,11,24.35,Male,"Szombathely, Vas, Hungary",1999-10-23,,2015-06-24,2017-06-09 15:47:00,6.89,34.0,1448.0
AtherakhiaDannan,4116831,4,244,4,0,22,56.59,Unknown,Eye Of Terror,,,2014-09-22,1900-05-12 20:10:00,7.85,37.0,3179.0
Dusterbayala,6522,22,183,19,5,96,125.34,Female,,1979-09-12,,2007-06-29,2015-07-13 16:42:00,7.71,177.0,7064.0
codytappen,891377,5,160,3,28,10,66.27,Male,,,,2011-11-06,2018-05-17 13:44:00,7.19,38.0,3923.0
Best-of-Anime,1397853,12,259,0,0,14,81.82,Male,"London,England",1998-12-23,,2012-07-15,2013-02-03 12:33:00,8.96,5.0,4906.0
Oce,1370053,1,257,70,2,205,79.51,Male,"Malang,Indonesia",1996-01-08,,2012-06-29,2016-08-23 21:33:00,6.41,0.0,4827.0
donicila,249192,4,265,1,14,79,71.95,Female,,1992-03-14,,2009-10-21,1900-03-17 04:46:00,7.02,35.0,4326.0
jukugo,16514,88,551,8,4,33,226.9,Male,"Tallahassee, Florida",1988-03-23,,2007-10-09,2015-01-19 15:11:00,5.3,168.0,13365.0
AgehaChan,406417,43,46,29,1,74,19.5,Female,"London, England",1988-01-01,,2010-11-10,2012-03-05 07:09:00,7.25,0.0,1148.0
cardtrick,434725,15,32,3,7,31,18.34,Unknown,I don't think so stalker,,,2011-01-13,2011-08-25 23:28:00,7.2,1.0,1042.0
TornadoTheDragon,3616723,1,530,149,73,26,199.09,Unknown,City of Darkness ,,,2014-03-06,2016-09-11 06:26:00,6.1,9.0,13007.0
Froschfan,43988,20,282,56,17,289,124.57,Female,"C-Town, Sachsen",1989-01-19,,2008-03-19,1900-02-21 04:35:00,8.16,16.0,7209.0
Starwin,91301,14,218,20,2,2,99.49,Male,"Odessa, Texas",1989-05-08,,2008-09-01,1900-04-24 01:21:00,8.78,41.0,5935.0
GlaceStark,4765699,15,225,31,13,497,66.19,Male,,,,2015-07-23,2018-05-18 05:29:26,7.69,0.0,4173.0
ahmi_chan,490057,5,84,6,1,3,41.21,Female,"Nawh, i wont tell you.",,,2011-05-23,2016-01-04 17:19:00,7.52,2.0,2446.0
Tsundora,1084625,4,229,2,49,18,69.32,Male,Moscow,1990-11-16,,2012-01-02,2017-10-31 00:05:00,5.24,1.0,4209.0
ukiyo_,511447,6,212,2,23,7,139.55,Female,,1998-05-20,,2011-07-11,1900-05-11 19:13:00,7.51,102.0,8232.0
MariHeAl,74762,12,372,18,4,382,113.8,Female,Time-Space Administration Bureau,,,2008-07-07,2018-05-17 08:57:00,8.59,16.0,6841.0
shinotenshibara,2113371,19,733,11,0,50,109.12,Female,,1995-09-25,,2013-01-30,2018-05-14 22:23:18,8.33,0.0,7446.0
x_LiluLoveless_x,164098,13,106,12,0,2,70.5,Female,"Mexico, D.F.",,,2009-03-28,2012-01-11 14:34:00,8.93,16.0,4365.0
GDLC,89177,17,554,0,4,27,164.59,Male,,,,2008-08-25,2012-04-20 01:38:00,7.22,28.0,9638.0
deactivatedshio,252352,29,170,13,7,28,74.16,Unknown,,,,2009-10-29,2013-03-01 08:16:00,8.08,7.0,4396.0
FlashFrozen,2171033,32,238,28,0,125,97.6,Male,USA,1994-01-01,,2013-02-12,1900-05-01 20:57:00,6.78,40.0,5550.0
Tujumase,945191,3,52,7,1,9,41.32,Male,"Dallas, Texas",1988-08-26,,2011-11-14,2015-01-02 11:37:00,8.34,16.0,2365.0
nb,63176,9,600,29,83,14,336.88,Male,,,,2008-05-24,2015-04-23 17:45:00,7.19,442.0,20236.0
5hya,4706502,17,122,15,0,101,58.72,Unknown,,,,2015-06-29,2017-09-30 07:11:00,7.91,1.0,3511.0
nad33r,5019437,1,98,57,2,119,39.52,Male,,,,2015-11-28,2018-05-15 23:39:00,8.8,0.0,2398.0
EviPhoenix,3448857,4,71,0,0,16,35.64,Unknown,,,,2014-01-01,2017-10-07 15:08:00,8.26,0.0,2159.0
firedancer,9363,62,60,0,0,0,32.05,Unknown,,,,2007-08-04,2009-05-24 01:32:00,7.77,14.0,1892.0
zlooo,59766,5,702,7,9,34,168.39,Unknown,Russia,,,2008-05-11,2016-03-30 21:13:00,6.97,1.0,10054.0
The_Lordian,6188814,14,195,225,5,2,109.01,Male,Brazil,1994-02-07,,2017-04-17,1900-03-03 16:55:00,7.4,0.0,6714.0
yuki_101191,231006,8,76,0,3,8,34.95,Female,,1991-10-11,,2009-09-06,2012-03-01 16:59:00,7.01,0.0,2076.0
Kristanno,4255795,4,49,0,0,16,8.49,Male,"Bien Hoa city, Vietnam",1998-02-04,,2014-11-15,2015-07-06 22:37:00,9.04,0.0,527.0
Ansaga,20775,25,190,14,29,47,74.76,Male,"Berkeley, California",1987-05-18,,2007-11-07,2011-09-22 08:23:00,7.88,30.0,4470.0
feliciahardy,4463,86,241,36,20,96,251.26,Female,Georgia,1988-08-28,,2007-05-19,2017-10-07 00:22:00,8.54,206.0,18805.0
DreamyEyes,74391,12,71,19,5,18,29.15,Female,,,,2008-07-06,2017-04-28 00:50:00,7.64,0.0,1731.0
aak88,346935,4,111,1,0,721,36.92,Unknown,,,,2010-06-26,2014-08-06 19:38:00,7.54,1.0,2166.0
shaoxiong,171734,2,14,5,1,1,19.31,Male,,,,2009-04-17,2009-07-28 05:36:00,8.04,30.0,1111.0
ms-usagi,1424511,1,27,0,0,0,3.36,Unknown,,1989-01-01,,2012-07-28,2012-08-05 09:38:00,7.93,0.0,270.0
weslleisan,4679108,17,398,255,92,340,94.64,Unknown,Aqui,1996-08-04,,2015-06-16,2018-05-13 18:00:00,7.34,6.0,5948.0
AlexTheRiot,1473307,13,621,27,51,79,143.81,Male,23ba140b12a1e67f8520b15c2d34ad4d,1992-01-13,,2012-08-22,1900-05-14 11:54:00,6.93,1.0,8667.0
kyoto_citizen,431110,18,208,28,2,421,58.95,Female,Portugal,,,2011-01-07,2018-05-16 14:37:00,7.53,1.0,3633.0
Maqad,282202,4,133,8,16,5,52.22,Male,Earth,,,2010-01-13,2014-01-10 08:42:00,7.66,0.0,3141.0
RaeKai7,163505,46,107,28,10,60,54.34,Female,united states,,,2009-03-27,1900-03-30 22:05:00,8.57,0.0,3229.0
dustychain,4870432,2,112,18,26,27,91.62,Male,,1998-01-01,,2015-09-12,1900-05-12 12:02:00,5.23,9.0,5484.0
yggdrizzle,46026,4,294,54,43,26,99.85,Male,florida,,,2008-03-27,2017-11-19 17:20:00,6.38,0.0,6046.0
ra-in,109443,21,230,25,21,7,76.09,Unknown,,1988-01-03,,2008-10-29,2015-06-24 03:10:00,6.53,0.0,4552.0
AwesomeKattyK,7013639,5,11,9,2,17,14.39,Unknown,,,,2018-02-26,1900-02-27 11:32:00,8.35,0.0,868.0
Kayrarara,1089229,10,197,1,1,18,45.08,Unknown,,,,2012-01-04,2012-09-07 11:03:00,7.13,0.0,2668.0
Miss_Elyon,270298,52,180,40,43,154,52.83,Female,,1993-03-27,,2009-12-16,1900-05-15 13:06:00,7.18,0.0,3345.0
Chocolatezz,212154,1,20,0,0,1,17.39,Female,,,,2009-07-23,1900-04-17 01:03:00,8.43,0.0,1030.0
Destruc,5364101,5,57,1,4,18,39.31,Unknown,,,,2016-04-24,2018-05-14 13:54:00,8.17,0.0,2348.0
-y-o-s-h-,145781,2,140,4,0,0,168.04,Female,"Manila, Philippines",,,2009-02-02,1900-03-17 05:25:00,8.79,119.0,10138.0
kennethmusicman,1384947,4,347,0,3,8,110.69,Male,"Imus, Cavite, Philippines",1995-07-14,,2012-07-08,2016-08-14 08:24:00,8.83,0.0,6700.0
Gigacorona,46045,7,326,4,5,21,131.69,Male,,,,2008-03-27,2016-10-05 03:16:00,7.81,0.0,7721.0
Gabriel_Noschang,4528584,16,160,6,32,17,102.32,Male,,,,2015-03-30,1900-05-11 12:30:00,7.66,0.0,6314.0
Bebop,3592461,5,337,14,7,174,69.52,Male,西,,,2014-02-22,2018-05-17 05:19:36,7.26,13.0,4327.0
namiSWN,149817,0,152,4,3,148,69.77,Male,"Israel, Netanya",1988-06-09,,2009-02-14,1900-03-20 03:21:00,9.33,0.0,4092.0
Lifeissohard,5843319,9,163,6,32,88,36.45,Female,,2000-11-01,,2016-11-16,1900-05-06 00:52:00,7.29,0.0,2320.0
haeworlddd,375026,3,66,31,1,225,24.32,Female,narnia,1993-03-06,,2010-08-26,1900-05-16 17:38:00,8.52,11.0,1579.0
Azhazel,5066130,2,44,11,11,60,46.63,Male,,,,2015-12-21,1900-05-11 08:52:00,7.2,0.0,2821.0
Jiraiyan,4543429,6,39,0,0,0,18.15,Male,New York,1987-02-18,,2015-04-06,2017-02-24 08:28:00,7.32,2.0,1029.0
IoriYagami,83582,3,141,7,4,48,97.09,Male,"Mel Bourguiba, Tunisia",1986-06-20,,2008-08-06,1900-05-15 15:56:00,7.05,8.0,5674.0
parallelhearts,486294,131,895,167,4,1062,137.6,Female,,1993-10-21,,2011-05-13,2017-01-31 00:40:00,7.35,24.0,9897.0
Kittyki,5970070,8,102,17,10,158,33.92,Female,,1997-07-16,,2017-01-10,1900-05-04 13:05:00,7.7,0.0,2078.0
Sirdante,14013,43,372,4,7,27,181.9,Male,"Bilbao, Spain",1987-04-04,,2007-09-18,2013-06-01 16:48:00,6.93,149.0,10887.0
lolbridget,5341448,7,47,6,1,78,15.65,Female,"Vilnius, Lithuania",1999-07-06,,2016-04-15,1900-04-03 00:23:00,8.54,0.0,932.0
myungyare,3771925,33,260,19,39,56,90.66,Female,"SP, Brazil",1994-10-08,,2014-05-12,1900-05-06 21:19:00,7.97,0.0,5491.0
ValeraN,500649,10,47,10,2,63,18.31,Female,,1996-07-28,,2011-06-19,2018-05-18 11:10:27,8.4,0.0,1179.0
Tofs,82645,8,27,4,0,24,9.03,Female,"Stockholm, Sweden",1993-06-10,,2008-08-04,2015-08-03 03:40:00,8.57,9.0,531.0
Kriegsmarine,336040,3,470,1,30,0,108.73,Male,"bangkok , thailand",,,2010-06-02,1900-03-03 04:28:00,7.58,0.0,6512.0
reddcat,37325,20,199,6,37,56,116.65,Female,Philippines,,,2008-02-13,1900-05-12 07:13:00,8.19,9.0,6991.0
kendolli,300808,33,217,2,14,100,82.87,Non-Binary,"Wonderland, USA",1990-11-11,,2010-03-03,2017-01-30 03:14:00,6.88,2.0,4849.0
WishMeLuck,320842,7,219,6,0,0,66.24,Male,,,,2010-04-25,2015-08-01 11:14:00,6.84,19.0,3892.0
Remmirath,536391,32,334,37,42,37,85.8,Female,The Shire,,,2011-08-05,1900-05-16 20:02:00,7.78,0.0,5526.0
Artistichooves,4457732,12,144,2,11,403,29.54,Female,Belgium,1993-01-31,,2015-02-06,2017-10-24 11:52:00,8.38,6.0,1744.0
Depraved-Kun,5356466,18,52,3,6,113,38.16,Unknown,behind you,,,2016-04-21,1900-05-02 15:24:00,7.75,0.0,2340.0
Daisake,796877,3,179,15,8,57,105.39,Male,Oregon,,,2011-10-23,2016-11-21 14:19:00,8.03,3.0,6292.0
felipecchi,3779313,12,46,15,4,11,35.34,Male,Campinas,,,2014-05-16,2017-12-19 11:18:00,7.23,0.0,2123.0
darkviola101,271510,1,101,10,15,12,64.34,Female,,,,2009-12-19,2015-07-06 23:47:00,8.35,20.0,4124.0
Acation,1941722,6,60,6,8,104,22.63,Female,,1998-01-16,,2012-12-24,1900-05-02 09:34:00,6.57,38.0,1430.0
natures-song,184458,3,227,6,58,31,79.79,Unknown,,1989-01-01,,2009-05-20,2014-07-21 18:05:00,6.53,4.0,4953.0
climhazzard03,3895,1,716,1,12,59,214.95,Male,"Malaysia , Johor Bahru",1989-12-09,,2007-05-02,1900-03-15 13:28:00,7.96,16.0,12829.0
bakawingx,46743,3,402,10,10,5,129.15,Male,"toronto,canada",1983-01-10,,2008-03-30,2016-08-06 09:07:00,6.7,7.0,7758.0
StitchOtaku,6467653,4,76,6,1,7,29.19,Unknown,,,,2017-08-08,2017-08-12 23:12:00,8.83,0.0,1766.0
werlwend,192396,39,528,7,5,98,246.21,Male,"Aurora,Colorado",1995-11-03,,2009-06-10,1900-04-29 09:27:00,7.84,15.0,14721.0
nighthawk741,401053,160,203,34,87,103,106.25,Male,California,1994-07-26,,2010-10-27,2017-04-09 16:07:00,7.45,26.0,6428.0
watchfuleye,6246569,23,28,10,2,58,11.38,Male,Oklahoma,1996-06-23,,2017-05-13,1900-03-22 23:28:00,8.66,0.0,710.0
mzkami,1106615,11,91,3,10,33,42.51,Female,Central Florida,,,2012-01-16,2013-02-16 08:37:00,8.08,7.0,2504.0
pedroivo27,1102889,3,116,0,0,4,51.22,Male,,,,2012-01-14,2013-09-09 14:17:00,8.18,0.0,3074.0
Tamah,45717,2,462,0,0,34,84.4,Male,Nordic Countries,1984-01-10,,2008-03-26,1900-03-27 09:08:00,7.72,0.0,5208.0
aNTh0ny,144647,1,92,0,7,16,53.06,Unknown,California,1991-01-05,,2009-01-30,1900-04-24 21:33:00,6.77,0.0,3161.0
ShiroNakamura,899971,2,433,0,32,94,109.08,Male,,1993-06-21,,2011-11-07,1900-02-19 12:00:00,9.78,0.0,6755.0
Lodella,394192,1,37,4,1,123,8.52,Female,,1995-10-01,,2010-10-10,1900-04-30 23:28:00,8.24,0.0,571.0
Fangel,32140,15,144,4,1,9,76.69,Male,Gävle,1988-09-23,,2008-01-18,2014-09-04 11:36:00,8.03,0.0,4532.0
Mahashi,342230,99,398,50,0,78,121.78,Male,"Nisko, POLAND",1991-01-01,,2010-06-16,1900-05-13 13:29:00,8.33,6.0,7178.0
Nekochokoreto,2135599,2,87,0,44,36,68.09,Female,Brazil,1996-01-19,,2013-02-04,2016-07-31 08:29:00,7.45,62.0,4268.0
bails649,5233631,60,302,143,11,311,96.85,Male,"Manchester, UK",1996-05-02,,2016-03-01,1900-05-09 02:24:00,7.24,48.0,5886.0
Flameneo,23730,5,16,1,2,1,37.23,Male,Burnaby BC,,,2007-11-27,2009-03-19 21:15:00,7.75,27.0,2217.0
Kiranichi,94032,1,69,43,9,119,28.85,Female,,1990-01-01,,2008-09-12,2016-03-06 07:56:00,7.21,0.0,1693.0
Nachorizo,267587,15,124,10,7,34,56.66,Male,RP ,,,2009-12-08,2018-05-14 02:27:00,7.45,0.0,3389.0
x_Sora,1100397,35,26,0,1,65,8.53,Unknown,,1994-07-08,,2012-01-12,1900-01-31 16:05:00,8.35,3.0,509.0
zeran,154335,25,329,1,11,6,100.53,Male,Paris,1986-06-24,,2009-02-27,2012-05-31 10:37:00,7.22,0.0,5855.0
hearts-spades,539263,62,97,44,10,220,28.51,Female,"Riverside,California",1999-11-11,,2011-08-08,1900-05-05 13:01:00,9.06,16.0,1784.0
Mentria,221327,0,214,1,9,34,69.24,Female,Israel,1987-08-28,,2009-08-15,1900-05-07 12:31:00,7.93,12.0,4512.0
Yuenku,153334,11,74,5,17,78,23.59,Male,,,,2009-02-24,1900-05-12 21:54:00,8.72,0.0,1412.0
waypastlame,4960165,8,87,12,5,131,18.38,Male,It's a secret,,,2015-10-27,1900-04-25 12:30:00,7.06,0.0,1121.0
hipernova,88184,12,75,12,16,25,45.74,Male,Istanbul,1991-01-21,,2008-08-22,2015-06-30 04:31:00,7.49,0.0,2707.0
Karez,103036,11,62,13,7,16,138.93,Male,"Dunakeszi, Hungary",1989-11-03,,2008-10-08,2016-06-29 03:10:00,7.6,20.0,8239.0
AnimeUnion,4912019,24,79,2,5,6,48.15,Male,,1997-10-21,,2015-10-02,2015-10-23 14:17:00,7.79,0.0,2926.0
Pandaryu,1072157,7,43,4,1,22,15.78,Male,Canada,1993-07-23,,2011-12-23,2013-08-23 20:59:00,8.14,0.0,894.0
Pewpers,6551,4,217,29,53,23,84.7,Male,"Boynton Beach, Florida",1990-01-01,,2007-06-29,1900-01-20 18:41:00,7.06,6.0,5028.0
Tsuui,1116883,15,267,29,43,189,125.9,Male,Fascination Street,,,2012-01-23,1900-05-11 17:43:00,7.85,0.0,7460.0
JHyunLover,11307,26,26,0,0,5,22.17,Female,London,,,2007-08-26,2009-12-30 13:08:00,8.7,0.0,1357.0
Rynegawa,6308384,30,100,10,1,88,40.32,Male,"Santa Catarina, Brasil",,,2017-06-10,2018-05-17 12:57:00,6.71,0.0,2419.0
Nihi,3181393,33,236,16,28,30,86.35,Male,Orléans,1987-07-29,,2013-09-22,2017-02-08 07:40:00,7.21,0.0,5328.0
Ryenn,1024583,9,243,26,17,70,154.29,Female,"Garden Grove, California ",1994-02-28,,2011-11-27,2017-09-20 07:15:00,8.38,133.0,9027.0
EnderVargas,1868660,11,75,0,2,26,25.57,Male,"Oakville, Ontario",1995-04-09,,2012-12-07,1900-05-14 15:35:00,7.22,18.0,1458.0
drowse,85157,12,284,35,19,105,136.92,Female,,1985-06-30,,2008-08-12,2017-11-19 09:30:00,8.35,173.0,8214.0
kounotori,3181917,26,49,0,0,71,31.51,Female,,,,2013-09-22,1900-05-05 09:14:00,7.92,0.0,1844.0
CamilleLuvsHoho,311523,1,47,5,1,12,12.2,Female,,1999-11-24,,2010-04-02,2015-01-11 22:06:00,8.6,0.0,747.0
SAMOAK,464220,3,124,18,32,44,53.82,Male,Washington,1994-05-25,,2011-03-21,2017-12-26 23:55:00,7.5,8.0,3145.0
narunetto,47402,6,92,29,22,2,27.5,Male,SHIATTORU,1991-02-18,,2008-04-02,2015-03-11 22:30:00,6.84,0.0,1648.0
RotvyOckikano,2374187,1,90,11,1,150,56.14,Male,"Pekanbaru, Indonesia",1996-10-27,,2013-03-31,2018-05-18 05:31:35,7.75,0.0,3301.0
Cherry-Life,6499630,10,59,5,8,590,17.3,Female,Canada,,,2017-08-21,2018-05-13 19:02:00,6.98,0.0,1054.0
mikmikmikmikmik,31768,12,251,25,71,35,109.04,Female,,,,2008-01-16,2017-10-02 04:03:00,7.48,29.0,6458.0
sargex,4503136,8,114,15,3,36,31.59,Male,,1997-09-03,,2015-03-15,1900-04-07 09:49:00,8.75,0.0,1867.0
Invisius,2745921,40,121,0,0,188,22.38,Male,Norway,1994-04-25,,2013-06-21,2016-10-16 19:39:00,8.08,0.0,1328.0
VampireBear,4649452,11,57,4,8,44,13.03,Male,Portugal,1997-12-08,,2015-06-01,2017-11-08 14:45:00,7.77,0.0,863.0
Frau_Nebel,15130,6,74,0,1,0,12.59,Female,"Russia, Krasnodar/Sochi",1989-12-13,,2007-09-27,2017-09-25 21:53:00,7.78,28.0,656.0
Blissfulwish,122236,6,41,2,1,0,16.72,Female,California,1985-07-12,,2008-12-10,2013-07-16 01:05:00,8.16,0.0,997.0
IPTN,1206907,51,278,14,1,137,122.17,Male,,1993-12-07,,2012-03-19,1900-04-28 23:03:00,8.09,52.0,7390.0
mmeidiana,2697117,13,94,19,25,64,22.95,Female,"Jakarta, Indonesia",1998-05-13,,2013-06-11,2015-01-24 19:06:00,7.41,0.0,1462.0
Stormgrid,6214126,18,61,0,0,158,14.1,Unknown,,,,2017-04-29,2018-05-18 07:31:47,8.7,0.0,991.0
Jario,295988,81,699,0,1,130,156.32,Male,"Samara, Russia",1992-10-03,,2010-02-18,1900-05-11 09:00:00,8.42,19.0,9502.0
deadkidspeaking,2460681,55,389,31,19,255,99.09,Female,"uae,sharjah",1996-08-21,,2013-04-20,2018-05-17 05:48:00,7.55,0.0,6142.0
Amuya,216397,27,39,0,0,93,37.2,Female,,1994-03-21,,2009-08-04,1900-04-05 12:23:00,8.76,0.0,2239.0
RjOkami,196882,31,627,5,0,154,170.19,Female,Japan,1989-06-07,,2009-06-21,1900-05-08 13:41:00,8.39,204.0,10304.0
Skitungen2,1388819,5,73,24,2,153,18.74,Male,"Linköping, Sweden",1996-11-12,,2012-07-10,1900-05-12 00:26:00,7.27,18.0,1103.0
Jotapelixo,6854056,12,188,0,21,44,70.85,Male,2956,1997-06-10,,2018-01-02,2018-05-17 08:51:45,7.56,0.0,4254.0
clannad187,1394989,72,246,0,13,43,82.54,Male,"Hopewell, Virginia",1996-12-27,,2012-07-13,1900-04-03 18:08:00,8.54,11.0,4896.0
5hortie,281714,5,121,0,0,6,41.57,Female,,,,2010-01-11,1900-01-20 19:12:00,8.4,0.0,2468.0
purplepinapples,4837235,418,2898,318,10487,332,242.86,Male,USA,,,2015-08-26,2018-05-18 10:45:58,3.83,342.0,19419.0
sanpatsu,1775285,7,103,1,31,20,33.1,Female,882,1995-01-01,,2012-11-15,1900-03-11 18:20:00,7.42,0.0,1966.0
firerez,67771,8,331,38,146,51,103.29,Female,,1990-01-08,,2008-06-11,1900-03-29 08:21:00,7.31,20.0,6259.0
Leyzou,329865,20,411,32,24,136,128.12,Male,Paris,1994-08-20,,2010-05-17,1900-01-21 19:40:00,7.67,3.0,7978.0
Nollti,6792868,1,33,1,8,40,30.49,Male,,1930-01-01,,2017-12-08,2018-05-18 06:32:01,7.49,0.0,1854.0
Rosilius,4698312,0,55,3,3,19,28.45,Unknown,,,,2015-06-25,1900-04-01 21:09:00,7.88,1.0,1653.0
Adryan0,1506329,6,89,1,7,2,29.25,Male,Romania,1997-07-16,,2012-09-10,1900-03-06 12:33:00,8.81,0.0,1759.0
DrawnIntoIt88,38537,21,192,5,40,282,36.38,Unknown,,,,2008-02-20,1900-05-16 22:14:00,7.62,0.0,2276.0
Kamikochi,3494483,31,393,33,14,110,77.15,Female,In my Master's computer,,,2014-01-16,2018-05-15 13:07:00,7.46,9.0,4684.0
StaticzAvenger,3725691,18,217,1,14,84,128.01,Female,Australia,1997-08-08,,2014-04-24,1900-05-03 02:43:00,8.0,33.0,7720.0
holy_moses,66995,6,129,2,3,3,58.46,Male,"Barrie, Ontario",1988-08-21,,2008-06-08,2014-11-01 23:11:00,7.77,13.0,3456.0
FlameYeo,4678376,4,244,29,2,379,59.63,Male,Singapore,1998-08-26,,2015-06-15,1900-05-12 19:44:00,8.25,6.0,3589.0
Ryan_,428415,4,53,3,26,34,52.45,Male,"Brazil, Rio de Janeiro",1993-01-07,,2011-01-02,2017-12-30 17:06:00,7.22,2.0,3104.0
shelbo,10854,5,48,1,0,1,55.7,Male,,1992-02-25,,2007-08-21,2017-08-17 15:10:00,8.78,77.0,3396.0
Dracos33,340147,108,307,6,30,78,74.71,Male,"Chicago, Il",,,2010-06-11,1900-05-14 17:52:00,7.18,0.0,4803.0
kamciak,166275,0,369,0,0,20,81.94,Male,Brzesko,1991-05-14,,2009-04-03,1900-05-12 17:06:00,8.47,0.0,5027.0
kurokial,3427083,2,40,1,1,12,9.25,Male,"Posen, Poland",1988-01-16,,2013-12-23,2016-08-16 01:32:00,7.33,0.0,532.0
luki,105243,5,241,25,19,25,81.32,Male,,,,2008-10-15,2012-04-13 10:36:00,7.47,7.0,4709.0
Niichi01,4353873,1,66,10,2,118,21.11,Female,"Camuy, Puerto Rico",1997-09-01,,2014-12-27,1900-05-07 17:00:00,8.49,0.0,1213.0
Benzeo,246686,43,62,6,0,31,31.5,Unknown,,,,2009-10-15,2011-10-04 11:56:00,8.42,0.0,1866.0
rOrOnoaz94,2314105,4,62,4,0,0,50.4,Male,,1994-10-12,,2013-03-17,2014-02-02 10:26:00,9.14,0.0,2964.0
Samurnor,3359727,5,379,5,0,236,141.08,Male,"Zwolle, Netherlands",,,2013-11-24,1900-05-14 01:40:00,6.81,28.0,8946.0
Maza,10812,6,40,0,0,0,22.4,Male,"Kitee, Finland",1991-02-10,,2007-08-21,2008-08-19 21:06:00,7.93,0.0,1383.0
shalynnines,300899,19,105,15,3,53,66.38,Female,TORONTO !,,,2010-03-03,2016-04-18 11:36:00,8.55,0.0,4041.0
lisekss,7187071,0,23,0,0,10,15.16,Unknown,,,,2018-04-20,1900-05-06 14:28:00,8.95,0.0,904.0
EvilGauche,106366,57,605,279,15,256,147.41,Male,Malaysia,1994-06-20,,2008-10-18,1900-05-14 07:49:00,9.13,0.0,8955.0
Bindweed,70016,1,237,1,64,3,60.99,Unknown,,,,2008-06-20,2017-09-28 13:15:00,6.15,0.0,3722.0
abdul18,606789,43,84,17,16,42,73.44,Male," islamabad, Pakistan",1993-11-18,,2011-09-19,2013-06-30 07:50:00,7.86,7.0,4380.0
BlackShooter4,6342731,10,73,10,4,25,23.38,Unknown,,,,2017-06-24,2017-11-26 14:45:00,8.23,0.0,1514.0
mewtwo21,1749957,28,400,23,97,228,86.71,Male,Chicago,1996-11-05,,2012-11-09,2018-05-15 12:27:00,5.93,9.0,5272.0
konataotaku,15714,6,15,0,0,0,14.19,Unknown,,,,2007-10-02,2007-12-18 09:01:00,9.0,16.0,852.0
Guy950,2893,9,97,29,16,1,53.74,Male,,1990-04-05,,2007-04-08,2009-08-19 14:02:00,6.55,0.0,3192.0
SteffySama,6434255,13,219,0,0,12,163.48,Female,"Fort Bragg, California",1992-04-05,,2017-07-26,2017-08-21 17:45:00,7.38,56.0,9663.0
MonkeyDLuffyGir,21759,57,92,3,0,3,37.98,Female,Georgia,1995-08-18,,2007-11-13,2016-11-08 08:38:00,9.28,0.0,2258.0
ellowel,9352,103,357,34,76,160,154.23,Male,"bremerton , washington",1984-04-06,,2007-08-04,1900-05-01 00:37:00,7.19,79.0,9140.0
Kazalam,187833,12,139,3,7,34,34.6,Male,HA!,1990-01-01,,2009-05-29,2017-03-11 01:45:00,7.89,0.0,2087.0
setayy,1108113,10,197,3,0,0,66.83,Unknown,,,,2012-01-17,1900-03-31 14:31:00,8.63,0.0,4125.0
OkazukiIchigo,102738,12,116,13,15,5,90.49,Male,Britannia Empire,1991-01-04,,2008-10-07,2009-04-11 07:43:00,7.34,16.0,5401.0
Subaru-sama,152202,12,96,15,3,120,34.07,Unknown,,,,2009-02-21,2010-12-04 14:47:00,8.27,0.0,2007.0
chandni,95441,1,38,7,19,20,10.95,Female,,,,2008-09-16,2011-08-11 11:05:00,7.08,2.0,629.0
lila94,502880,10,89,6,3,51,73.77,Female,"Burgas, Bulgaria",1994-06-18,,2011-06-24,2015-11-22 16:55:00,7.85,6.0,4440.0
Xephia,117438,52,139,6,5,77,71.78,Female,New Zealand,1991-06-06,,2008-11-24,2017-02-15 17:31:00,7.59,5.0,4299.0
alejolas,72843,1,29,0,0,8,8.09,Male,Seattle WA,1987-01-20,,2008-06-30,2009-11-28 12:24:00,8.33,15.0,442.0
zealot1138,208151,9,36,3,2,5,37.24,Female,"Los Angeles, CA",,,2009-07-15,2012-10-21 20:23:00,7.53,28.0,2212.0
OtomeSan,4746755,24,330,12,5,174,115.04,Female,,1995-09-12,,2015-07-15,1900-05-15 07:20:00,8.45,178.0,7047.0
Aria-da-Capo,3935001,0,1767,4,0,0,236.66,Male,"Italy, Lombardia",1989-02-28,,2014-07-17,1900-05-11 07:12:00,5.9,46.0,14674.0
Northen_Lights,388622,15,1055,49,0,90,183.79,Female,"Russia, Krasnodar",1990-10-23,,2010-09-27,1900-05-12 16:50:00,7.55,0.0,11324.0
Miau,126587,32,86,17,1,51,45.68,Male,Vienna Austria,1990-03-04,,2008-12-23,2010-10-24 18:54:00,7.44,0.0,2726.0
CrossBorn,5212275,6,76,0,14,0,33.53,Unknown,,,,2016-02-20,1900-01-15 12:17:00,6.39,0.0,1974.0
Bernadotte_Pip,497770,2,58,2,2,0,22.18,Female,,1992-07-11,,2011-06-12,2011-09-22 07:42:00,7.84,0.0,1389.0
Stowaway,3349601,6,82,12,2,43,40.85,Female,New Zealand,1997-09-05,,2013-11-20,2016-11-27 00:18:00,7.11,34.0,2452.0
Aectann,81492,6,596,31,43,30,183.77,Male,,,,2008-07-31,1900-05-06 21:22:00,9.53,0.0,11604.0
Fishbot_,6558295,7,40,2,0,22,15.81,Unknown,,1995-05-25,,2017-09-15,1900-05-10 17:50:00,8.31,0.0,933.0
Kishon,196712,8,62,0,0,203,14.6,Male,New Zealand,1990-12-13,,2009-06-20,2009-12-01 22:08:00,8.56,0.0,840.0
BabYrHii,325383,4,68,1,0,16,47.36,Female,"newport , United kingdom",1995-11-03,,2010-05-06,2012-04-06 11:58:00,9.37,6.0,3743.0
Mortalis,1484427,1,53,24,0,600,30.03,Unknown,,,,2012-08-29,2016-01-12 03:50:00,8.05,0.0,1812.0
Thedrek,96506,13,311,3,7,14,167.61,Male,"Skien, Norway",1987-11-21,,2008-09-20,1900-04-21 15:31:00,8.35,107.0,9793.0
PvMVirus,2355709,11,481,40,22,126,185.64,Male,Canada,1996-01-01,,2013-03-27,1900-05-13 19:52:00,7.41,20.0,10783.0
shadowrost,26613,11,168,14,6,73,76.86,Male,the last level,1992-07-23,,2007-12-17,2011-04-19 01:12:00,8.68,0.0,4540.0
0marakagami,5438124,8,388,22,2,351,127.6,Male,,1997-12-04,,2016-05-28,2018-05-18 02:33:20,8.71,3.0,7706.0
Cleaye,3095469,32,383,80,0,547,115.84,Male,The Netherlands,1998-08-10,,2013-08-27,2018-05-15 01:52:02,7.33,3.0,7136.0
mellolemonyello,272639,1,25,0,0,0,4.55,Female,,,,2009-12-22,2010-06-07 00:59:00,7.32,0.0,353.0
Derdodo,143124,3,156,33,4,59,69.23,Male,"Dresden, Sachsen",1991-01-28,,2009-01-26,2014-09-11 02:38:00,8.5,27.0,4173.0
themirso,4159103,0,276,0,0,0,67.48,Unknown,,,,2014-10-07,2017-12-24 08:10:00,7.68,35.0,3761.0
Lexxar97,5769579,4,194,0,0,10,66.28,Unknown,,,,2016-10-14,1900-05-01 17:26:00,7.36,0.0,3948.0
Shirt,104790,4,656,26,37,191,164.18,Male,New York ftw,2014-07-16,,2008-10-14,1900-04-11 23:18:00,8.8,51.0,9886.0
Dr_Pepper,7948,8,40,17,3,18,12.71,Male,"Anaheim, California",1988-11-27,,2007-07-19,2016-11-21 13:00:00,8.17,0.0,734.0
annann12,71877,56,46,1,3,26,20.27,Unknown,,,,2008-06-27,2017-11-07 13:00:00,8.7,1.0,1203.0
fpsvash,572905,20,341,7,0,23,76.24,Male,USA,1989-01-01,,2011-09-11,1900-05-07 19:37:00,7.66,23.0,4245.0
kazykoki,1942700,85,100,3,1,176,57.91,Female,,,,2012-12-24,1900-04-17 15:39:00,8.17,2.0,3441.0
DireKnight,4798761,7,116,1,3,24,53.17,Male,Lithuania,2000-03-25,,2015-08-08,1900-04-22 07:02:00,7.63,17.0,3127.0
Gorli,110582,2,88,2,6,6,72.38,Male,,,,2008-11-02,1900-03-11 15:51:00,6.43,0.0,4294.0
Mcrayne,275785,1,44,0,0,29,9.24,Male,"Bezdan,Serbia",1985-01-24,,2009-12-30,1900-03-01 14:03:00,9.13,0.0,536.0
Crale86,376465,9,120,10,4,2,52.24,Male,"Southampton, England",1986-08-01,,2010-08-29,2015-02-21 14:08:00,7.69,0.0,3053.0
SocialAwkward,441230,2,214,6,9,89,88.13,Female,Somewhere over the Rainbow,2000-01-24,,2011-01-28,1900-04-06 02:31:00,8.65,25.0,5317.0
Melfina2328,270283,3,41,0,0,7,48.54,Female,,,,2009-12-16,2010-03-17 14:12:00,8.15,51.0,2879.0
alysael,229122,38,121,7,20,59,62.54,Female,"Sydney, Australia",1995-08-18,,2009-09-02,1900-05-08 03:12:00,7.91,0.0,3801.0
Miaoster,253918,7,357,2,14,11,87.79,Male,,,,2009-11-02,2018-05-17 01:17:00,9.11,3.0,5410.0
Espe,21333,10,160,7,14,80,45.38,Female,Spain,1992-06-08,,2007-11-11,2018-05-17 00:13:20,7.32,0.0,2668.0
ShadowJackal35,405267,5,546,11,6,355,134.29,Female,,,,2010-11-07,1900-05-02 11:49:00,6.32,146.0,8068.0
Aonike,67938,12,104,7,2,59,35.34,Male,"Uppsala, Sweden",1992-05-26,,2008-06-12,2017-03-26 09:22:00,7.91,0.0,2080.0
ButterflyBoi,3075091,17,304,2,8,366,114.28,Male,"Glasgow, Scotland, United Kingdom",1988-12-04,,2013-08-21,2018-05-17 09:34:00,7.37,1.0,6974.0
Negative9999103,34828,42,904,7,192,38,255.68,Male,Australia,,,2008-01-31,1900-04-28 08:06:00,6.84,0.0,15011.0
Dinamet7,69982,23,568,70,33,236,218.75,Female,So. California,1932-03-01,,2008-06-20,2017-04-10 20:02:00,7.53,16.0,13183.0
fossilboy904,2550057,3,32,0,21,0,18.66,Male,Illinois,1991-11-03,,2013-05-10,2013-05-10 18:49:00,7.2,0.0,1116.0
Serf12,3411015,41,305,34,22,127,73.76,Male,Spain,1998-05-12,,2013-12-16,2018-05-13 12:03:00,7.29,7.0,4590.0
Alylyc,3252975,7,140,0,2,19,190.33,Female,"Borås, Sweden",1999-11-28,,2013-10-13,1900-05-10 05:19:00,8.38,0.0,11327.0
LikeSame,1344453,7,277,25,43,152,228.48,Unknown,Belgium,1997-04-29,,2012-06-13,1900-05-06 08:26:00,8.25,78.0,13761.0
RakShine,26284,0,48,1,4,0,56.82,Male,"Boston, MA",,,2007-12-15,1900-03-15 12:00:00,8.41,20.0,3417.0
ImDigital,2830531,6,149,26,0,498,31.73,Male,"Bedfordshire, England",1995-09-01,,2013-07-07,1900-03-17 08:47:00,8.25,8.0,1929.0
ilikestarcraft,521529,9,246,23,1,201,87.86,Unknown,,,,2011-07-22,1900-05-12 09:25:00,7.03,1.0,5029.0
RumpPlug,6513259,4,47,7,12,189,7.37,Female,"Västra götaland, Sweden",1999-10-18,,2017-08-27,1900-05-15 13:39:00,7.16,0.0,540.0
Maebara_Keiichi,157934,4,125,6,1,9,50.68,Male,Russia,1998-05-22,,2009-03-10,2009-07-08 15:40:00,7.71,0.0,2951.0
Elyasis,4631725,17,231,5,40,693,61.44,Male,"Vendée, France",1998-07-04,,2015-05-23,2018-05-14 11:13:55,6.78,1.0,3912.0
Xylphan,272606,4,39,0,1,1,54.36,Unknown,,,,2009-12-22,2009-12-22 12:11:00,8.07,42.0,3031.0
rebel6,1042843,14,200,6,6,30,97.37,Male,,,,2011-12-05,2013-06-30 14:45:00,7.72,0.0,5692.0
LordRavenM,5977105,38,175,9,0,269,81.18,Unknown,,,,2017-01-12,2018-05-16 19:48:37,7.15,0.0,4811.0
Elysiumx,2060965,64,280,0,79,188,98.23,Male,Germany,1991-01-01,,2013-01-19,1900-04-12 03:31:00,6.25,2.0,5989.0
Blutiger_Engel,375581,0,91,3,27,99,31.69,Female,Michigan,,,2010-08-27,2016-12-19 18:58:00,7.44,0.0,1845.0
ViewtifulFella,1356757,14,525,23,21,141,213.04,Male,Ohio,1996-03-10,,2012-06-21,2018-05-15 09:23:19,6.12,1.0,12534.0
rubyleehs,4092287,0,297,1,12,89,100.16,Female,,1998-03-15,,2014-09-12,1900-05-14 00:59:00,8.03,8.0,6058.0
MrFlatTv,2074683,3,26,0,0,35,6.82,Unknown,,,,2013-01-22,2014-05-31 01:56:00,8.81,0.0,407.0
guilherme14kj,3500975,1,638,0,33,3,169.19,Male,Brasil - Tocantins,1997-04-15,,2014-01-18,1900-05-04 01:40:00,7.82,0.0,10050.0
tykmerc,1114969,5,60,5,4,79,23.75,Male,"Overland Park, Kansas",1994-07-13,,2012-01-22,2017-02-28 18:15:00,8.79,0.0,1429.0
YeremyGx,7014687,8,95,0,0,0,27.62,Male,,1999-06-19,,2018-02-26,1900-04-29 13:45:00,8.17,0.0,1708.0
Tsukizero,245087,2,156,12,5,10,61.15,Male,"Beatrice, Nebraska",1993-06-28,,2009-10-11,2014-05-04 22:27:00,7.54,2.0,3597.0
tormentsu,86809,29,65,0,0,0,52.21,Male,,1987-06-27,,2008-08-17,2013-10-14 15:49:00,8.14,0.0,3138.0
otakumuch,9767,7,47,6,11,9,20.49,Female,California,1994-11-11,,2007-08-08,2017-04-05 23:06:00,8.82,0.0,1188.0
Pixelname,3723079,15,331,13,31,17,83.99,Male,,,,2014-04-22,1900-02-14 23:24:00,7.68,0.0,4943.0
jabcook,26570,7,148,0,1,4,50.32,Male,"Poland, Lodz",1987-10-16,,2007-12-17,1900-04-25 09:15:00,8.12,0.0,2966.0
Michie,78724,2,37,5,6,0,14.41,Female,"Finland,Ii",1994-04-08,,2008-07-22,2009-08-10 10:08:00,7.36,0.0,861.0
Cynic_Focus,3360225,13,45,4,29,113,32.54,Male,,1991-09-27,,2013-11-24,1900-05-05 14:57:00,4.74,5.0,1956.0
Makunouchi-Ippo,2854679,18,198,22,9,188,79.28,Male,,1998-06-18,,2013-07-11,1900-01-26 02:35:00,8.03,1.0,4789.0
Startracker,387753,0,126,1,9,21,39.17,Male,,,,2010-09-25,2017-05-17 04:53:00,6.62,0.0,2271.0
firetrickz,130123,4,74,9,11,4,22.66,Unknown,,,,2009-01-02,2017-09-29 04:38:00,8.16,0.0,1334.0
AriaVengeance,241594,20,67,4,8,25,31.11,Female,,1990-05-11,,2009-10-02,2015-03-03 18:52:00,7.21,0.0,1819.0
asukai_kun,277826,6,52,0,1,61,31.21,Female,"Moscow, Russia",1995-07-11,,2010-01-03,2012-10-08 07:12:00,7.0,14.0,1856.0
DaytymeLantern,1247675,14,76,7,1,19,61.55,Male,Delaware,1993-05-24,,2012-04-12,2013-10-31 12:05:00,8.13,2.0,3708.0
Imberqqi,3986053,4,149,4,2,65,58.72,Male,Finland,1993-08-07,,2014-08-02,1900-04-24 09:32:00,8.42,0.0,3505.0
Natyyds,279369,11,197,0,0,150,46.07,Female,,1992-09-23,,2010-01-06,2012-01-10 13:33:00,7.92,0.0,2744.0
amcsi,36666,54,215,92,82,54,94.79,Male,"Budapest, Hungary; London, UK",1987-11-07,,2008-02-10,1900-04-15 14:40:00,6.0,43.0,5692.0
aQrka,161058,11,297,1,4,19,110.67,Unknown,,,,2009-03-20,2015-10-13 13:51:00,8.39,0.0,6533.0
NarutoxXSasuke,83982,42,102,6,5,125,52.76,Female,Shroomsville,,,2008-08-08,2016-10-15 08:48:00,9.35,0.0,3078.0
Warida,302510,7,111,6,17,0,41.34,Female,"Vilnius, Lithuania",1994-07-02,,2010-03-08,2011-07-06 15:13:00,7.94,0.0,2508.0
jsoebb,2550743,5,244,9,0,29,78.99,Female,,,,2013-05-10,1900-05-16 16:58:00,8.24,7.0,4653.0
faywan,301505,7,332,2,4,17,126.36,Male,,1993-01-18,,2010-03-05,2015-11-25 11:00:00,7.99,2.0,7467.0
jockerint,160681,47,220,0,7,279,91.84,Male,"Brasil, São Paulo",1989-07-04,,2009-03-19,2016-06-29 09:15:00,8.2,20.0,5571.0
lmismyl,65655,16,154,0,2,226,60.73,Male,"Talsi, Latvia",1989-11-13,,2008-06-03,2015-01-21 12:11:00,7.46,1.0,3770.0
starlit-elf,41361,12,214,7,7,26,50.52,Unknown,,1979-03-16,,2008-03-06,2016-11-13 05:56:00,7.63,6.0,3068.0
speedevil,114041,7,99,4,2,75,14.66,Male,"Debrecen, Hungary",1989-07-06,,2008-11-13,1900-04-18 11:07:00,8.23,1.0,875.0
snowballbubble,4657939,15,205,48,35,263,75.43,Unknown,,,,2015-06-05,2018-05-16 11:23:00,7.4,3.0,4585.0
overlord_666,53951,5,25,0,0,1,27.84,Male,"Johor, Malaysia",1983-02-16,,2008-04-18,2014-10-16 06:32:00,7.43,0.0,1690.0
Tanake,92002,11,60,0,0,0,31.98,Female,,,,2008-09-04,2011-03-13 12:54:00,8.32,0.0,1921.0
iraigen,2281579,31,109,0,7,2,68.49,Male,,1989-10-08,,2013-03-09,2016-05-11 11:09:00,7.66,0.0,4094.0
isamff,4935070,5,66,24,4,68,14.75,Female,"Porto, Portugal",1999-09-21,,2015-10-14,2018-05-17 05:00:00,7.55,0.0,893.0
Yuusa,4170631,2,353,12,5,102,103.36,Male,Hawaii,,,2014-10-12,1900-03-26 19:44:00,6.06,0.0,7695.0
Noyx444,430665,19,98,15,5,25,57.44,Female,Isreal,1996-03-10,,2011-01-06,2016-11-12 10:59:00,8.4,3.0,3456.0
Foxheart417,159853,39,66,5,3,56,19.56,Female,,,,2009-03-16,2017-09-28 19:44:00,8.46,6.0,1130.0
Wolther,6615061,19,119,8,1,40,49.4,Male,"Bridgton, Maine",,,2017-10-07,2018-05-13 19:44:00,7.19,2.0,3423.0
Myopia,559067,4,24,0,7,23,32.63,Male,,1991-11-13,,2011-08-29,2015-09-23 09:01:00,9.0,0.0,2929.0
PacificPikachu,7701,1,275,19,6,29,56.21,Female,"Penn Valley, California",1988-03-14,,2007-07-16,2018-05-15 08:46:56,7.62,0.0,3328.0
Myrmidon83,620011,2,209,4,12,36,50.2,Non-Binary,,1983-06-12,,2011-09-21,2017-02-20 00:37:00,7.49,5.0,3040.0
Acidblood,360834,23,353,25,32,230,126.67,Male,belguim,1988-10-31,,2010-07-25,1900-05-13 09:37:00,7.15,0.0,7603.0
Natsu_same,494714,4,62,7,1,44,12.37,Female,"Zagreb, Croatia",1987-04-20,,2011-06-04,1900-04-04 13:44:00,8.09,0.0,684.0
trinicanh,1314795,12,710,14,4,69,187.57,Male,Guatemala,1993-12-29,,2012-05-23,1900-03-18 11:30:00,7.62,8.0,11355.0
Rebecca,17688,6,57,0,0,0,15.43,Unknown,,,,2007-10-18,2007-12-14 13:11:00,7.13,0.0,888.0
c0rnhorse,458145,4,171,16,13,25,26.77,Male,00000,,,2011-03-06,2017-02-03 23:18:00,8.32,0.0,1804.0
mato1004,260391,10,242,52,90,82,119.47,Female,,,,2009-11-19,1900-04-30 07:30:00,7.77,0.0,7121.0
ehhhhhhh,2732481,80,526,5,0,262,73.84,Male,"Honolulu, Hawaii",1998-12-14,,2013-06-18,2017-09-01 23:49:00,6.99,0.0,4982.0
kmgd14,1103261,3,131,24,0,101,57.81,Female,,,,2012-01-14,2018-05-13 14:44:00,7.82,0.0,3584.0
N0SPH3RATU,331368,0,173,0,1,4,57.47,Male,Novgorod,,,2010-05-21,2017-08-14 09:47:00,7.44,47.0,3266.0
kyunxd,1423889,5,121,24,7,11,58.93,Male,"São Paulo , Brasil",1996-04-05,,2012-07-28,2017-09-06 20:14:00,7.18,1.0,3518.0
keitamb,1404961,6,259,0,8,107,112.78,Unknown,,,,2012-07-18,1900-04-28 19:34:00,9.24,1.0,6844.0
tessachidori1,498796,12,99,2,2,28,31.69,Female, Poland,,,2011-06-14,2015-05-13 12:00:00,7.28,0.0,1853.0
Arl-,514194,1,510,0,84,55,171.11,Male,デジタルワールド,1990-08-25,,2011-07-15,1900-05-13 21:48:00,7.45,0.0,10266.0
Areq,167475,17,1559,20,5,140,484.86,Male,Poland,1989-12-26,,2009-04-06,2018-05-15 02:58:35,5.26,158.0,29238.0
xxreinyaxx,1396129,11,89,12,9,213,23.19,Unknown,Russia,1995-01-02,,2012-07-14,1900-04-06 07:53:00,8.54,0.0,1392.0
Syrums,1039513,13,644,25,0,107,203.03,Male,"Rohnert park, California",1985-04-01,,2011-12-03,1900-05-12 10:18:00,7.26,0.0,11861.0
FineBreeder,282402,8,686,16,52,87,108.87,Male,russland,,,2010-01-13,2017-10-30 03:09:00,6.99,0.0,6689.0
the8deadlysin,4965428,8,320,119,26,43,126.73,Male,BiH,1994-07-23,,2015-10-30,1900-05-08 03:05:00,7.91,13.0,7390.0
SgCloud,414158,5,39,0,1,620,11.86,Male,"Berlin, Germany",1990-01-04,,2010-11-30,2012-07-31 13:05:00,8.23,0.0,688.0
DestradoTehRei,377744,95,568,16,14,58,159.0,Male,Australia,1993-12-22,,2010-09-01,2018-05-18 10:46:15,6.62,74.0,9356.0
clannad3,317090,8,166,30,19,82,59.0,Male,Dublin,1993-06-21,,2010-04-15,1900-05-05 14:05:00,7.51,58.0,3594.0
GreatTeacherKen,56307,85,520,52,0,510,94.29,Male,,1988-03-12,,2008-04-26,1900-05-04 10:14:00,7.1,0.0,5706.0
ninjadante,295725,4,651,3,0,1,155.76,Male,home,1987-03-23,,2010-02-17,1900-01-18 09:11:00,8.26,76.0,8698.0
Kurokihime,1318685,5,299,87,24,254,89.16,Female,Brasil,,,2012-05-26,1900-05-04 10:01:00,7.45,0.0,5496.0
Duck-Luck,147486,2,31,3,9,10,19.08,Unknown,?,,,2009-02-07,2010-04-15 17:44:00,7.51,10.0,1111.0
Blackdragonwar,1321155,12,34,2,0,109,21.88,Female,Netherlands,1999-07-19,,2012-05-28,2016-10-29 08:10:00,8.13,8.0,1314.0
Marifrit,2648153,13,435,32,60,88,127.29,Male,East Northport New york,1997-06-13,,2013-05-31,2018-05-18 08:35:24,6.72,1.0,7579.0
Revan_Starkiller,299109,3,57,13,22,21,32.0,Male,,,,2010-02-26,2011-04-08 13:07:00,6.95,51.0,1732.0
Brightless,82392,7,128,9,44,56,29.32,Male,Brazil,1991-05-25,,2008-08-03,1900-05-15 20:20:00,7.93,8.0,1750.0
darkpetr,99312,15,1247,45,8,42,335.44,Male,N: 53.430 ° E:14.529 °E,1989-09-09,,2008-09-28,1900-04-22 08:56:00,7.23,1.0,20191.0
Egg_Striker,4477486,19,29,1,3,17,10.91,Male,Nordrein Westpfalen Germany,1998-12-06,,2015-02-22,1900-03-22 14:17:00,7.41,0.0,638.0
AllieChen,219261,19,164,8,6,20,150.99,Female,,1995-07-17,,2009-08-10,2009-10-23 21:59:00,7.79,86.0,9084.0
sitioalto,910363,43,131,0,0,150,39.76,Female,Austria,1981-01-01,,2011-11-09,2017-03-11 07:44:00,8.91,0.0,2318.0
byi42,32797,1,136,1,1,0,109.35,Male,MD,1991-04-22,,2008-01-21,2013-05-14 22:02:00,7.1,55.0,7265.0
AcidHearts,249161,17,44,0,0,11,20.63,Female,,,,2009-10-21,2010-10-26 10:59:00,8.43,0.0,1210.0
l_Kaicho_l,5183750,21,233,0,4,1056,52.06,Unknown,,,,2016-02-07,1900-05-13 14:46:00,9.46,3.0,3145.0
DarkDisast3r,210797,3,36,1,2,12,22.11,Male,,1992-12-18,,2009-07-20,2010-07-11 07:49:00,6.19,0.0,1309.0
21animegirl21,2004940,2,113,12,14,145,44.35,Female,,,,2013-01-08,1900-05-15 23:40:00,7.38,12.0,2672.0
Athelfirth,2630843,1,59,3,1,3,21.15,Male,Transylvania,1994-08-22,,2013-05-27,2013-11-05 05:05:00,8.59,0.0,1130.0
xBoada,5554151,3,354,10,11,60,146.43,Unknown,,,,2016-07-15,1900-05-15 18:14:00,7.93,0.0,8738.0
IAmDavey,556459,5,236,1,40,11,128.64,Unknown,,,,2011-08-26,1900-02-03 11:11:00,5.62,0.0,7704.0
Majcha,327004,3,322,4,0,168,63.77,Female,,1994-03-11,,2010-05-10,2018-05-14 08:32:00,8.05,32.0,4020.0
Itena,11483,21,222,19,8,58,93.4,Female,"British Columbia, Canada",1992-10-14,,2007-08-28,2017-11-07 21:27:00,8.44,35.0,5578.0
RlYKEN,5925029,18,139,12,9,109,68.55,Unknown,,,,2016-12-24,2018-05-15 02:31:00,8.57,6.0,4176.0
silencio,97752,21,79,28,9,6,100.36,Male,,1991-12-10,,2008-09-23,2013-06-05 18:19:00,7.23,48.0,5984.0
moegopher,54726,3,65,5,6,65,19.48,Male,"Boise, ID",,,2008-04-20,2015-07-24 22:17:00,7.94,38.0,968.0
gulag0rkestar,136028,1,44,0,0,0,26.48,Unknown,,,,2009-01-17,1900-05-09 20:55:00,7.87,0.0,1609.0
cekeki,1301761,0,228,4,22,10,55.62,Male,"Joinville, Brasil",1996-09-11,,2012-05-14,2018-05-14 20:29:34,7.63,1.0,3313.0
WanderingUlysses,256043,5,92,6,5,29,21.31,Male,West-Germany,1979-09-18,,2009-11-07,2012-05-30 10:21:00,6.93,0.0,1180.0
xWhiteTears,1898334,9,93,19,6,295,42.67,Female,,1993-10-28,,2012-12-14,2013-03-28 06:49:00,7.74,7.0,2790.0
FunnyBunny,27709,5,25,1,0,8,22.16,Unknown,,,,2007-12-25,2008-01-14 09:44:00,7.61,0.0,1314.0
CrystalDeity,273224,0,23,0,0,3,9.93,Female,,,,2009-12-23,2010-01-05 12:07:00,8.65,0.0,604.0
Asu-chan,51172,7,109,8,20,22,30.21,Female,Hungary,1987-09-06,,2008-04-11,2011-01-10 09:31:00,6.6,0.0,1754.0
ecoute,288152,11,688,10,0,3746,149.76,Male,Poland,1992-02-21,,2010-01-28,1900-05-12 06:22:00,5.48,9.0,9781.0
AX3M,4972660,73,171,17,6,69,41.51,Male,1.129848%,1997-09-06,,2015-11-03,2018-05-18 11:36:03,8.12,46.0,2650.0
Mochii-kuuuun,1928920,65,487,36,33,334,132.55,Unknown,,,,2012-12-21,2017-09-06 00:13:00,7.48,1.0,8114.0
Jiruga0005,177527,25,199,84,0,336,121.12,Male,Kentucky,1990-06-16,,2009-05-01,1900-01-29 21:05:00,8.87,13.0,7117.0
SP1FF,171180,40,135,7,1,54,73.51,Male,Portugal,1995-05-12,,2009-04-15,1900-04-20 11:58:00,8.28,0.0,4424.0
live4evil,1375699,1,542,0,3,70,110.44,Male,,,,2012-07-02,1900-05-14 12:46:00,7.68,0.0,7580.0
Soul_Smoke,2000062,4,199,1,1,223,33.04,Male,,1996-08-12,,2013-01-07,1900-03-23 08:38:00,7.37,10.0,2025.0
LadyMal,2682873,26,250,20,4,55,52.81,Female,"Calgary, Alberta, Canada",1963-03-27,,2013-06-07,2018-05-16 03:28:48,6.7,0.0,3496.0
Jony,236570,25,174,0,4,70,85.1,Male,Poland,1994-03-01,,2009-09-20,2018-05-15 23:30:00,9.77,0.0,5170.0
ChuuiHawkeye,340781,21,69,10,50,20,62.95,Female,Scarlet Moon Empire,1996-02-17,,2010-06-13,2017-09-07 10:05:00,8.31,14.0,3758.0
AJIKA,429498,4,73,5,0,66,46.12,Male,"Georgia, Tbilisi",1996-07-03,,2011-01-04,2017-10-22 02:28:00,8.13,20.0,2662.0
Mellorox9,1894994,2,151,6,7,14,62.59,Female,"Orlando, Florida",1992-07-16,,2012-12-13,1900-04-16 12:10:00,6.7,104.0,3304.0
Nodzomi,186343,0,68,6,13,40,28.28,Female,"Ukraine, Kyiv",1987-09-24,,2009-05-25,1900-05-09 08:02:00,8.24,0.0,1678.0
Chesca,326790,7,181,25,0,280,30.28,Female,,,,2010-05-09,1900-05-14 22:50:00,8.86,0.0,1993.0
jsvwow,4782435,0,80,1,0,0,39.01,Unknown,,,,2015-07-31,2017-10-29 06:26:00,8.17,0.0,2298.0
rzaevorhan,239016,167,273,0,4,234,92.65,Male,"Russia, St. Petersburg",1993-03-29,,2009-09-26,1900-04-05 07:31:00,8.92,0.0,5593.0
MrFrazzelDazzel,1223339,1,89,0,2,2,49.6,Male,"virginia water, surrey",1996-05-18,,2012-03-31,1900-04-02 03:59:00,7.93,0.0,2969.0
Ookami-chen,130994,8,69,1,0,4,44.84,Female,,1992-02-01,,2009-01-04,1900-05-14 11:47:00,7.41,0.0,2653.0
H4uZ,307543,4,135,7,25,12,53.74,Unknown,,,,2010-03-23,2017-08-12 09:19:00,6.36,0.0,3165.0
Infernal,14106,83,591,0,2,0,282.29,Male,Singapore,1987-03-28,,2007-09-19,1900-04-29 11:51:00,7.82,118.0,16910.0
RuizuTheDeath,1058681,7,95,4,8,81,49.43,Male,"Fortaleza, Ceara",1996-08-28,,2011-12-14,1900-01-27 18:22:00,7.72,0.0,2969.0
idkdess,4653107,7,301,34,2,129,95.94,Unknown,"Bretagne, France",1995-05-14,,2015-06-03,1900-01-17 13:04:00,6.66,5.0,5646.0
Resuri,37306,3,43,15,10,0,27.83,Unknown,,,,2008-02-13,2013-11-25 05:24:00,7.0,0.0,1631.0
dokidoki_xo,1201641,7,120,1,17,7,109.39,Female,candy land.,1991-08-07,,2012-03-16,2016-07-26 17:35:00,6.97,27.0,6518.0
Verienkeli,261662,5,72,14,13,234,18.12,Female,Colorado,1981-02-12,,2009-11-22,2017-10-15 22:25:00,6.91,0.0,972.0
Eshja,472979,14,93,9,7,14,32.21,Female,"Szczecin, Poland",1995-12-17,,2011-04-12,1900-04-08 03:32:00,6.58,0.0,2004.0
Tutti_Love,8332,8,78,4,19,10,52.1,Female,,1992-01-26,,2007-07-24,2012-06-29 23:36:00,8.08,0.0,3084.0
Y2J,2936267,26,171,15,34,205,86.71,Male,Brazil,1998-08-12,,2013-07-26,2018-05-18 11:08:39,7.21,0.0,5244.0
Herkkutatti,422714,6,109,0,1,0,43.71,Male,,,,2010-12-21,1900-03-19 16:20:00,8.33,1.0,2585.0
DarkRanger,2195865,5,168,1,18,17,59.15,Male,,1996-09-09,,2013-02-18,1900-05-13 17:33:00,7.03,0.0,3558.0
MegaShadowSkill,385168,21,104,4,2,12,45.78,Female,"London,UK",,,2010-09-19,2014-06-02 08:29:00,9.53,0.0,2770.0
Tationika,1902388,7,185,1,10,15,1332.14,Female,,1994-01-25,,2012-12-15,2017-04-16 13:59:00,6.89,10.0,21345.0
heenim,4326841,29,156,8,21,28,29.91,Female,Brazil,,,2014-12-16,1900-04-30 20:51:00,7.17,1.0,2062.0
TheMoodieOrange,4918036,14,219,32,4,35,91.64,Unknown,,,,2015-10-05,1900-04-23 06:18:00,7.47,0.0,5478.0
rikaszan,84625,32,137,26,4,124,48.99,Unknown,,,,2008-08-10,1900-03-27 08:47:00,7.98,5.0,3031.0
EpIcBaKa,408055,10,184,11,7,27,61.93,Female,Otaku Land,,,2010-11-14,1900-05-06 18:27:00,7.55,0.0,3748.0
Roll-chan,76182,6,74,4,0,1,25.42,Female,"Ylitornio, Finland",1989-03-13,,2008-07-13,2010-09-26 05:21:00,7.45,12.0,1513.0
jjwood2000jw,4459554,12,55,0,7,10,27.56,Male,"Shifnal, England",2000-12-27,,2015-02-07,2015-11-22 09:48:00,8.08,0.0,1645.0
tandynguyen,1738907,4,298,3,3,35,172.48,Unknown,,,,2012-11-07,1900-05-16 02:35:00,6.99,20.0,10304.0
Harlem,375827,0,210,0,1,16,32.35,Unknown,,1992-10-15,,2010-08-28,2015-08-10 20:50:00,7.58,0.0,2060.0
rushiferu,117934,20,91,0,1,16,76.17,Female,"Venice, Italy",1987-07-22,,2008-11-26,2013-12-11 10:48:00,8.56,33.0,4686.0
To_ja___,253953,127,125,12,0,32,40.4,Female,,1995-09-25,,2009-11-02,2016-08-19 19:43:00,7.1,0.0,2421.0
Tsukanda,75175,33,75,8,8,107,32.0,Unknown,"Random, Bloody room.",,,2008-07-09,2011-06-05 08:19:00,7.97,0.0,1881.0
Akasaka24,4509283,7,158,15,0,60,79.77,Male,Kunugigaoka chugakko,1998-07-20,,2015-03-20,1900-05-15 05:22:00,6.67,2.0,4758.0
Hadigun,87096,5,846,18,67,60,191.12,Male,,1986-11-04,,2008-08-18,1900-04-07 16:57:00,6.55,136.0,11294.0
tezzy090,117591,1,40,0,0,10,35.29,Unknown,,,,2008-11-25,2009-12-13 12:47:00,8.0,0.0,2129.0
MajinRin,304409,21,36,5,0,311,25.25,Female,"Lucerne, Switzerland",1989-11-20,,2010-03-14,2017-02-06 11:38:00,8.27,0.0,1515.0
Yzui,3343571,29,420,46,116,635,143.52,Male,"Tarbes, France",1996-10-12,,2013-11-17,2018-05-18 11:37:10,6.58,20.0,8409.0
srimal,399627,3,56,0,0,5,31.24,Male,,1988-01-23,,2010-10-24,1900-05-11 11:40:00,9.0,3.0,1778.0
Garfield,89727,1,60,2,2,8,25.61,Male,,,,2008-08-27,2017-02-14 10:37:00,7.35,0.0,1473.0
VampireRose,102848,1,613,8,0,113,310.06,Female,California,,,2008-10-07,1900-05-05 13:31:00,8.5,481.0,18337.0
Styloo1994,805035,4,35,0,5,0,49.26,Unknown,,,,2011-10-24,2015-09-01 11:03:00,8.58,0.0,2959.0
netter_mizuno,371107,8,96,4,0,32,39.6,Male,Loimaa Finland,1990-11-16,,2010-08-17,2014-07-24 13:02:00,7.86,0.0,2305.0
SigiltheBee,2175041,11,34,4,3,27,12.2,Female,The present,,,2013-02-13,2013-05-28 06:01:00,6.86,7.0,818.0
CptnUnderpants,193459,9,130,17,22,62,67.3,Male,"Aveiro, Portugal",,,2009-06-13,1900-04-15 14:57:00,7.83,0.0,3915.0
Pizdec,4886767,37,480,23,24,56,200.43,Male,,1993-03-20,,2015-09-20,2018-05-17 13:53:00,7.4,59.0,12096.0
Cloudy,7538,8,733,0,98,0,213.21,Male,"Athens, Greece",1989-09-09,,2007-07-15,2018-05-17 07:42:00,7.22,3.0,12729.0
teodorak,504575,0,281,1,16,3,108.25,Male,/home/teodorak,1989-04-01,,2011-06-27,1900-02-19 20:22:00,7.3,28.0,6423.0
Aseel_Ghassan,4689645,2,138,2,1,53,44.63,Unknown,,,,2015-06-21,2017-10-09 04:06:00,8.2,0.0,2547.0
gottago,2445371,0,18,1,1,2,60.56,Unknown,,,,2013-04-16,2013-05-25 10:04:00,8.25,22.0,3636.0
fuuuu,4508559,21,61,0,3,62,14.01,Male,"Auckland , New Zealand",1996-10-04,,2015-03-19,1900-05-16 11:24:00,8.13,0.0,799.0
Vasco,265282,10,47,7,2,60,15.5,Male,Ericeira Portugal,1990-02-19,,2009-12-02,2014-02-23 16:35:00,7.94,3.0,880.0
dp247,3933745,14,107,388,18,164,24.66,Male,"Leeds, UK",1994-11-15,,2014-07-16,1900-05-11 06:47:00,7.91,7.0,1703.0
Denkoha,188272,92,208,13,10,133,50.1,Female,Somewhere around Asia,1992-03-24,,2009-05-30,2015-04-11 20:12:00,7.63,14.0,3396.0
Deathmones,5017387,23,232,0,9,409,47.51,Male,"England, Lincolnshire",1999-01-28,,2015-11-27,2018-05-18 05:37:35,7.82,25.0,2843.0
Raycont,4721276,6,174,3,18,57,58.27,Unknown,,,,2015-07-05,2018-05-18 08:37:39,7.39,0.0,3382.0
Nightray07,1246945,9,289,10,0,30,67.22,Male,,2012-01-01,,2012-04-12,2017-10-24 07:45:00,8.26,0.0,4020.0
Toguense,1267293,3,429,26,19,70,154.53,Male,,1990-07-30,,2012-04-22,1900-04-02 20:02:00,7.71,0.0,9136.0
xAjKillJu,4183693,27,787,0,0,44,177.03,Male,,,,2014-10-17,2018-05-14 18:07:47,7.13,0.0,10690.0
HesitatedDesire,5585549,36,44,5,8,46,11.35,Female,Ireland,2003-06-10,,2016-07-28,1900-02-06 11:33:00,7.67,0.0,693.0
rogocal,81978,1,147,8,8,50,47.44,Male,Bariloche,1989-09-16,,2008-08-01,1900-03-09 12:08:00,8.2,2.0,2763.0
tamer91,547921,6,1636,22,37,312,448.06,Male,Japan,1991-12-26,,2011-08-17,2018-05-16 06:54:00,7.49,1.0,27170.0
PKLoki,124554,91,246,0,0,25,96.24,Male,Brasil - MA,1994-09-23,,2008-12-17,2014-08-24 18:07:00,8.94,4.0,5755.0
Apocist,8779,6,446,43,17,142,123.39,Male,"Concord, California",1988-07-18,,2007-07-28,2018-05-14 13:15:00,7.71,23.0,7440.0
Aznmobzz,17429,40,241,38,29,63,108.78,Male,,,,2007-10-16,2016-10-31 23:13:00,7.82,0.0,6354.0
ArcaneGod,3125061,3,21,0,0,2,14.74,Unknown,,,,2013-09-07,2014-02-14 20:05:00,7.96,10.0,847.0
TGSMarcus,4719486,9,320,7,0,136,117.39,Male,"St Helens, United Kingdom",1998-11-20,,2015-07-04,2018-05-15 23:29:16,6.69,0.0,7037.0
kitteo,133015,7,26,0,0,51,7.31,Female,VA,,,2009-01-09,2014-10-08 11:57:00,7.32,0.0,409.0
nobara_otome,40504,6,63,13,0,42,13.81,Unknown,,,,2008-03-01,2010-07-14 23:49:00,8.77,0.0,763.0
shelloscooll,41527,7,49,7,3,13,20.08,Female,"Hole, Vic",1991-05-10,,2008-03-07,2013-06-24 01:22:00,6.62,17.0,1154.0
kouvans,1391971,2,89,0,1,262,44.28,Male,,,,2012-07-11,1900-03-16 00:04:00,7.77,0.0,2678.0
homeworld8118,33695,0,198,0,1,0,57.57,Male,"willis,va",1988-04-26,,2008-01-26,2016-07-27 11:04:00,7.67,0.0,3302.0
yanmzry,51948,11,256,2,30,118,111.58,Male,"Manila, Philippines",1988-09-17,,2008-04-12,1900-04-22 02:24:00,8.03,71.0,6584.0
Kito-kun,1971992,4,290,5,0,93,93.64,Male,"Aguadilla, Puerto Rico",1994-01-16,,2012-12-31,1900-03-23 07:55:00,9.5,59.0,5372.0
Ruu,4638516,23,842,63,13,243,228.01,Female,,,,2015-05-26,2018-05-18 07:38:08,7.05,29.0,14048.0
Tubka,114837,3,32,1,0,9,15.9,Unknown,,,,2008-11-16,2011-01-08 10:57:00,6.11,0.0,934.0
Mikura-san,2528591,23,1007,0,0,564,220.41,Male,"Santa Ana, California",1995-02-23,,2013-05-05,2018-05-18 05:38:12,10.0,1203.0,14420.0
xeroxedechidna,2005,8,70,6,3,8,36.58,Male,,,,2007-02-14,2011-04-08 02:45:00,7.79,0.0,2150.0
Kunafox,18667,123,514,34,91,408,221.16,Male,,1987-10-26,,2007-10-25,1900-05-12 23:08:00,7.48,185.0,13314.0
shadowminion,327,3,82,8,1,73,28.02,Unknown,,,,2006-04-27,2011-05-28 23:32:00,6.44,0.0,1621.0
animEavaricE,276886,36,86,1,5,40,29.25,Unknown,,,,2010-01-01,1900-03-28 06:27:00,8.58,0.0,1731.0
Shiro_Hebi,4643090,6,17,9,1,6,7.75,Unknown,,,,2015-05-29,2017-04-09 12:26:00,8.35,0.0,465.0
thisbejacob,5830886,18,237,1,22,29,83.67,Unknown,,,,2016-11-10,2018-05-14 20:15:00,7.32,0.0,5091.0
CrazyArty,1579521,22,672,7,19,24,155.81,Male,"Voghera, Italy",1987-08-08,,2012-10-03,1900-05-10 09:54:00,7.51,0.0,9524.0
ramiro000,3915473,5,32,2,0,18,5.93,Unknown,,,,2014-07-10,1900-05-04 19:08:00,8.66,0.0,364.0
pmpy,196713,23,137,0,0,0,60.83,Male,Wi-Fi Zone,1986-09-21,,2009-06-20,1900-01-23 20:56:00,8.32,0.0,3593.0
ClydezUsagi,5561628,3,161,0,4,0,112.38,Male,,1999-03-13,,2016-07-18,2017-10-10 16:05:00,6.92,0.0,6708.0
zombie_pegasus,4218491,6,1766,47,0,94,141.54,Male,North of America (Canada),1997-05-14,,2014-10-31,2018-05-15 08:27:53,4.58,21.0,10990.0
Itami,561015,8,268,36,13,50,83.56,Female,"Near Atlanta, closer to Tallahassee.",1997-06-18,,2011-08-31,2015-11-27 16:25:00,7.6,10.0,5210.0
lashthebaddeed,135043,31,287,18,44,22,85.06,Male,"Lexington, KY",,,2009-01-14,2014-08-28 07:44:00,6.17,105.0,5226.0
Glycyrrhizic,3392781,4,103,117,2,438,18.79,Male,,,,2013-12-08,1900-05-14 14:32:00,5.67,0.0,1196.0
Gabuh-chan,437509,20,113,0,0,59,76.6,Female,"Asuncion, Paraguay",1995-06-29,,2011-01-19,1900-05-12 02:14:00,7.73,1.0,4662.0
Shizuku,46765,3,162,8,11,5,66.17,Female,"Gdańsk, Poland",1991-08-09,,2008-03-30,2012-06-25 06:48:00,7.57,14.0,3862.0
The_MauZ,283828,8,107,9,6,6,31.78,Female,,1988-03-30,,2010-01-17,2015-01-04 06:19:00,7.53,0.0,1934.0
mckei,163996,37,347,17,0,125,113.38,Male,Mexico City,1984-03-12,,2009-03-28,1900-04-13 00:32:00,8.03,6.0,6875.0
gmbn,4167485,1,31,0,1,13,10.01,Unknown,,,,2014-10-10,2016-09-23 19:05:00,7.53,0.0,593.0
Pheromone,2552107,2,104,4,1,36,18.42,Unknown,,,,2013-05-11,2017-09-09 06:35:00,6.94,0.0,1131.0
Irikon7,1573841,0,82,7,4,39,25.48,Female,"Tirana, Albania",1992-02-18,,2012-10-02,2017-11-02 03:50:00,7.8,3.0,1486.0
Pekkis,224886,56,221,8,6,41,148.92,Male,Finland,,,2009-08-23,2017-07-13 08:18:00,8.06,32.0,8787.0
Lesach,388497,2,532,16,0,12,159.49,Male,Michigan,1983-12-27,,2010-09-27,1900-02-06 20:10:00,8.67,0.0,9505.0
AkaMaster,45755,4,309,70,0,88,106.61,Male,"Ontario, Canada",1992-08-11,,2008-03-26,2016-10-25 20:49:00,8.04,0.0,6386.0
Felby,61409,23,1198,0,136,49,261.65,Male,,1990-01-04,,2008-05-18,2018-05-13 22:48:00,6.85,18.0,16589.0
carrotmaymay,3534315,16,650,7,39,63,152.29,Unknown,"Fresno, Cali",,,2014-01-30,1900-05-11 05:21:00,7.55,14.0,9300.0
SteelLife,388993,8,293,0,1,9,91.26,Male,"Warsaw, Poland",1992-04-22,,2010-09-28,1900-02-22 03:03:00,7.66,0.0,5443.0
SheerBoredom,115641,2,124,4,2,9,38.6,Male,,1991-09-30,,2008-11-18,2016-09-13 00:02:00,8.08,2.0,2239.0
techno_newt,37102,37,515,55,38,211,157.64,Male,"Medford, Oregon",1985-12-19,,2008-02-12,1900-05-11 19:18:00,7.34,9.0,9475.0
renmibo,68090,43,116,3,4,34,72.27,Female,"Cebu City, Philippines",1988-02-22,,2008-06-13,2010-02-27 20:57:00,8.31,0.0,4303.0
Shueisha,1353355,12,360,6,3,86,71.04,Male,"France, Morioh-Cho",1993-10-20,,2012-06-19,1900-05-15 02:46:00,6.45,6.0,3952.0
hotroddd1,20639,14,396,6,4,49,112.0,Male,,,,2007-11-07,1900-05-04 20:19:00,7.62,0.0,6371.0
lineychan,1189279,5,83,3,4,11,25.77,Female,Germany,,,2012-03-09,1900-04-30 09:00:00,8.04,29.0,1507.0
Kog_Maw,288522,19,307,12,21,94,97.17,Male,"Santiago, Chile",1989-10-12,,2010-01-29,1900-05-13 09:04:00,7.39,0.0,5762.0
Sebeastian,2398147,17,77,2,3,12,29.87,Female,"Poland, Warsaw",1998-08-11,,2013-04-06,2017-12-03 07:33:00,7.79,13.0,1801.0
MoonStory,1551673,27,424,31,6,125,104.28,Female,pixieland,1994-08-23,,2012-09-27,2018-05-14 15:18:00,6.74,27.0,6702.0
Tanzirul24,757279,3,36,0,0,47,17.39,Male,"Dhaka, Bangladesh",1990-04-17,,2011-10-16,2015-06-30 11:24:00,9.18,0.0,1045.0
lph,9072,26,640,90,11,410,205.23,Male,,1989-12-09,,2007-07-31,2018-05-18 07:38:58,8.25,8.0,12331.0
Hawk3ye,650399,15,499,2,4,7,133.98,Male,"Ontario, Canada",,,2011-09-26,1900-05-14 11:31:00,7.56,74.0,8157.0
Aidid,130454,0,56,7,0,26,22.58,Male,North Carolina,1994-05-31,,2009-01-03,2017-04-05 23:05:00,8.76,1.0,1344.0
neuromasser,63556,0,63,10,6,87,67.91,Male,"Belgrade, Serbia",1989-06-15,,2008-05-25,1900-03-02 02:32:00,8.3,8.0,4133.0
Tankid,1073633,3,38,4,28,18,36.99,Unknown,,,,2011-12-25,1900-05-03 06:37:00,8.15,0.0,2206.0
njspy,481928,1,203,11,13,13,66.55,Male,MTY Mexico,1987-02-05,,2011-05-02,1900-01-10 00:17:00,6.84,27.0,3920.0
SaraPriscila,1697105,4,87,0,0,162,50.33,Female,"Lisbon, Portugal",1993-09-05,,2012-10-28,1900-05-03 13:20:00,8.45,3.0,3026.0
cyberpunk,5330,9,136,15,13,167,34.24,Female,Israel,1989-01-13,,2007-06-07,2014-10-15 11:14:00,7.16,10.0,2052.0
Okashi_Hikari,473884,6,24,0,0,0,43.04,Female,,1995-01-09,,2011-04-14,2011-04-14 06:48:00,8.63,42.0,2575.0
uchuhana,239235,60,1061,103,84,1797,204.72,Unknown,,,,2009-09-26,2018-05-18 03:39:13,7.18,1.0,14067.0
Saki-Rebellion,291617,19,215,0,0,574,59.27,Male,"Canada, Toronto",1992-04-17,,2010-02-06,2015-02-13 11:12:00,8.41,12.0,3490.0
Shiroma-san,5976216,24,237,1,7,25,125.03,Unknown,"Sao Paulo, Brazil",1994-10-06,,2017-01-12,1900-05-14 19:45:00,7.35,0.0,7623.0
blackbluesock,90598,11,134,42,50,203,39.21,Female,My Woman Cave,1992-01-08,,2008-08-30,2015-09-06 12:59:00,7.53,0.0,2319.0
HyDe_Dyers,5221016,11,51,14,3,168,32.79,Unknown,,,,2016-02-24,1900-05-08 20:23:00,9.0,0.0,1963.0
AwasakiYumi,3936989,8,76,8,2,70,26.91,Non-Binary,,2000-04-02,,2014-07-17,1900-03-10 20:08:00,7.78,1.0,1637.0
makaijo,231133,6,572,3,0,3,171.35,Male,italy,1992-03-28,,2009-09-07,1900-05-16 14:11:00,7.07,0.0,10201.0
urotander,4891095,12,107,17,6,49,35.63,Unknown,Illinois,1999-01-24,,2015-09-22,2018-05-14 14:59:39,7.51,6.0,2082.0
kurosakikun88,943547,5,99,0,0,3,57.91,Male,"Hesperia, Ca",1988-06-16,,2011-11-14,2016-07-24 17:04:00,9.52,42.0,3393.0
Zown,4414,40,459,100,29,74,147.32,Male,,1988-01-01,,2007-05-18,2017-10-17 13:58:00,7.25,32.0,8661.0
Maegos,4964785,1,195,3,29,24,57.67,Unknown,,,,2015-10-30,2018-05-15 08:09:27,7.32,0.0,3442.0
cristianmm97,3914537,6,13,3,5,10,16.42,Male,"Badajoz, Extremadura",1997-06-30,,2014-07-10,2015-02-02 13:44:00,7.85,2.0,984.0
Ghostface_101,3449605,0,43,1,1,8,47.61,Male,UK,1994-02-06,,2014-01-01,1900-01-20 02:31:00,8.49,33.0,2774.0
Xxpixel8xX,141256,1,173,5,35,4,67.77,Male,"Midgar, Florida",1991-09-09,,2009-01-20,2013-05-23 16:58:00,7.25,16.0,4097.0
AndarDio,488555,56,394,42,20,82,148.31,Male,,1989-12-25,,2011-05-19,2016-11-20 22:08:00,7.85,114.0,8510.0
Konj-Chan,5847987,28,121,1,1,18,53.71,Male,"Konjic, Bosnia and Herzegovina",,,2016-11-19,2018-05-16 15:29:42,9.58,0.0,3264.0
NintendoGirl92,2541343,10,127,20,19,97,50.87,Female,,1992-10-14,,2013-05-08,1900-05-07 20:53:00,9.44,0.0,2997.0
Sob99,6549502,5,24,2,1,23,9.6,Male,371,1999-09-09,,2017-09-11,1900-05-15 13:51:00,7.67,0.0,590.0
rukipon79,4459166,8,37,3,2,35,15.42,Female,"Tokyo,Japan",1992-12-02,,2015-02-07,2016-05-03 05:25:00,9.32,0.0,866.0
ArinneRealta,155401,7,105,17,11,27,49.47,Female,Poland,1991-01-17,,2009-03-02,2015-02-07 20:39:00,8.11,25.0,2960.0
PicardX,84071,18,136,4,1,12,88.52,Male,Lawton Oklahoma,1983-02-27,,2008-08-08,2018-05-23 03:02:05,7.63,165.0,4725.0
Clumsy_Pants,6163389,3,45,0,3,3,11.77,Unknown,,,,2017-04-08,1900-03-14 21:46:00,8.19,0.0,690.0
HeckLad,3997615,16,601,38,71,110,166.52,Male,Morioh-cho,2001-03-25,,2014-08-06,2018-05-15 19:12:00,6.87,57.0,10014.0
Crenou,59830,5,68,3,1,25,35.53,Female,,1993-02-13,,2008-05-11,2014-07-06 06:24:00,8.0,0.0,2146.0
Shao_May,509235,0,42,0,7,16,27.35,Female,,,,2011-07-07,2012-05-08 07:08:00,7.37,0.0,1626.0
Gerudowolf,93813,1,59,7,4,1,19.1,Female,Norway,1989-12-21,,2008-09-11,2014-01-05 12:54:00,6.95,3.0,1202.0
thianselena,1302965,18,233,25,14,60,60.89,Female,,1996-04-13,,2012-05-15,1900-03-10 05:14:00,8.17,0.0,3577.0
EDreamEternal,2790409,6,485,231,11,130,106.51,Male,,,,2013-06-29,1900-04-29 21:39:00,7.37,0.0,6358.0
Carmen45,4407513,4,150,11,8,7,61.27,Female,,1995-12-08,,2015-01-11,1900-05-04 20:55:00,7.79,6.0,3630.0
Blubb96,1423983,11,113,4,0,85,66.08,Male,"Kristiansand, Norway",1996-06-22,,2012-07-28,2016-11-24 09:49:00,7.9,0.0,3940.0
ilovefullmetal,201422,6,35,20,9,13,16.03,Female,,1990-12-16,,2009-07-01,2014-04-25 20:05:00,8.38,12.0,945.0
Sehiz,177321,10,31,3,3,27,11.98,Unknown,,,,2009-05-01,2017-11-07 12:45:00,8.53,0.0,731.0
stillcabual,262065,355,55,19,1,47,8.16,Unknown,,,,2009-11-24,1900-03-17 11:55:00,7.29,0.0,463.0
whereswally007,483542,4,51,0,1,7,118.99,Male,Australia,1990-01-01,,2011-05-06,2011-05-12 05:33:00,8.23,75.0,7199.0
ElKaiser,5713202,3,419,0,0,89,77.28,Male,Spain,1999-01-01,,2016-09-21,2018-05-14 16:23:01,7.99,0.0,4781.0
Miku-sama,258310,16,57,3,2,37,28.09,Female,,1993-04-09,,2009-11-13,2009-11-13 22:45:00,9.15,0.0,1683.0
gravity_shifter,446478,24,218,12,24,92,69.9,Female,7th Heaven,,,2011-02-08,2017-10-01 03:19:00,7.65,1.0,4136.0
shadowjoreks,3675205,4,152,0,16,4,69.24,Unknown,,,,2014-04-03,2016-09-21 01:17:00,8.73,10.0,4210.0
ChaoticPsycho,5628039,14,123,5,4,20,44.59,Female,Romania,1998-12-14,,2016-08-16,1900-05-11 14:05:00,8.21,0.0,2637.0
Chikane_17,80357,10,199,16,6,49,91.02,Female,,1992-06-02,,2008-07-27,2015-04-23 23:08:00,8.73,67.0,5510.0
MoeMoeKyun,204697,4,164,8,6,17,63.94,Male,"Fayetteville, North Carolina",1993-08-28,,2009-07-08,1900-04-11 21:21:00,6.81,20.0,3819.0
Shiori897,3618199,0,74,0,0,0,17.72,Female,"Polska,",1997-04-18,,2014-03-07,2014-06-28 09:07:00,8.12,0.0,1069.0
LunarSonata,371401,23,1073,10,227,121,160.08,Female,ロリパラダイス,1989-05-15,,2010-08-18,2018-05-17 12:22:25,6.67,384.0,11021.0
kaczmar0203,5623513,8,194,15,9,16,40.04,Male,"Kepno, wielkopolska",1987-03-02,,2016-08-14,2018-05-13 12:09:00,7.28,0.0,2571.0
Kireinami,1080965,12,309,5,3,52,102.57,Female,,,,2011-12-30,2016-12-28 00:00:00,9.37,71.0,6114.0
vashy_luffy,81831,22,367,21,39,507,196.67,Male,,1988-04-30,,2008-08-01,2018-05-17 04:34:48,8.34,3.0,11616.0
SimplyPeachy,351781,7,81,8,13,19,30.24,Female,,,,2010-07-06,2017-12-11 18:45:00,7.68,0.0,1797.0
EvaBeatrice,290291,7,22,0,0,1,7.57,Female,,1990-06-19,,2010-02-02,2010-10-08 14:18:00,8.86,0.0,459.0
DivineArchangel,4514976,1,56,46,30,59,30.91,Male,Heaven,,,2015-03-23,2015-08-06 13:34:00,7.43,0.0,1885.0
Destinova,300793,1,210,11,2,158,37.75,Male,,,,2010-03-03,2018-05-15 01:51:46,7.4,8.0,2636.0
Xideo,106287,2,358,2,3,22,73.71,Male,Poland,,,2008-10-18,2015-02-12 18:30:00,8.7,0.0,4445.0
suna19,266766,53,284,14,14,68,70.43,Male,"Ft. Collins, Colorado",1990-07-20,,2009-12-06,1900-05-14 14:40:00,7.99,3.0,4067.0
Keiria,4578820,45,553,73,28,245,254.02,Female,,1990-12-05,,2015-04-25,2018-05-14 11:02:00,6.94,65.0,14980.0
Sprite_Coke,195217,25,1179,8,88,136,243.36,Male,Indiana,1991-02-01,,2009-06-17,1900-04-27 12:22:00,7.33,10.0,14322.0
Cupcake_1,155038,0,23,2,0,0,3.95,Female,uhu me need food now T^T,,,2009-03-01,2009-07-21 15:16:00,9.2,0.0,202.0
Ubah_Salah,4763766,7,70,28,7,72,30.58,Unknown,,,,2015-07-22,1900-02-07 22:04:00,8.39,0.0,1845.0
takashi-chan,10570,4,27,4,8,3,17.74,Female,"Valenzuela, Philippines",1991-08-02,,2007-08-18,2010-07-24 05:44:00,7.24,0.0,1060.0
aherosend,2946165,4,23,1,1,41,6.44,Male,"Knoxville, Tennessee",1993-05-30,,2013-07-27,2017-09-21 15:37:00,8.7,0.0,380.0
FeelinPeachyKeen,474114,5,127,3,7,29,48.93,Female,,,,2011-04-14,1900-04-25 20:04:00,7.25,13.0,2904.0
Duke_On_Tree,4112031,157,1009,1,50,49,427.5,Male,"rabat,maroc",1997-08-19,,2014-09-20,2018-05-18 11:10:06,7.56,63.0,25506.0
Kog,345149,2,185,3,1,95,68.85,Male,Maryland,1990-12-24,,2010-06-23,2018-05-17 05:37:00,8.73,0.0,4144.0
Lily-tan,327787,6,30,0,1,38,17.35,Unknown,"Tokyo,Japan",,,2010-05-12,2011-07-02 14:01:00,8.2,0.0,1046.0
mmkamada,1083681,5,44,1,0,1,68.63,Male,"Curitiba, Paraná",1988-02-24,,2012-01-01,2012-01-01 16:20:00,8.96,26.0,4143.0
Raizelobo,462675,48,558,218,105,437,202.99,Male,,1985-11-18,,2011-03-17,1900-05-07 02:27:00,8.39,0.0,12169.0
exia101,197957,0,24,6,0,3,7.57,Male,,,,2009-06-23,2013-01-05 14:20:00,9.14,0.0,460.0
BakeruLycoris,1300189,19,315,26,8,70,229.83,Female,"San Antonio, Texas",1990-11-06,,2012-05-13,2014-04-18 19:07:00,6.28,232.0,13678.0
achmedd,128745,0,227,2,26,64,109.42,Unknown,,,,2008-12-30,1900-04-08 11:49:00,7.94,55.0,6412.0
Lihn,404219,37,143,15,3,39,48.82,Male,"Canada, British Columbia",1992-10-28,,2010-11-04,2017-05-13 21:12:00,7.95,0.0,2977.0
Amariel,59253,24,349,16,13,16,127.96,Female,,,,2008-05-09,1900-05-07 14:34:00,7.46,54.0,7767.0
Lustghost,31988,18,462,4,5,48,138.89,Unknown,,,,2008-01-17,2018-05-18 02:40:19,5.93,0.0,8467.0
JignerdSaw,4414787,26,168,9,39,56,79.48,Male,,1998-04-10,,2015-01-13,2018-05-18 00:40:21,7.1,0.0,4731.0
BoozyBunni,1892788,28,156,0,0,90,72.73,Unknown,,,,2012-12-12,1900-02-27 19:23:00,8.76,18.0,4292.0
arsanii,116491,4,22,1,9,2,12.41,Female,,,,2008-11-21,2009-07-22 20:30:00,7.42,0.0,747.0
YamiNoRyuuou,473914,80,264,72,0,213,63.75,Male,,,,2011-04-14,2016-02-05 11:28:00,8.58,0.0,3888.0
Lazymez,101086,93,1192,130,21,39,243.75,Female,Finland,,,2008-10-02,1900-04-30 15:32:00,6.88,147.0,15029.0
daisuke86,60515,9,676,73,55,88,189.66,Male,California,,,2008-05-14,1900-05-16 20:25:00,8.24,13.0,11444.0
Sakuyaa,1373853,6,124,29,8,33,36.91,Female,"Rio de Janeiro, Brazil",1995-09-05,,2012-07-01,1900-04-10 15:55:00,8.25,1.0,2317.0
GuiltyAng3l,4758215,7,130,20,4,51,83.79,Female,"Canada, Ontario",1997-10-03,,2015-07-20,2016-01-24 21:58:00,7.9,63.0,5038.0
bullskin,1208905,114,23,0,3,43,14.11,Unknown,,,,2012-03-20,1900-04-27 07:11:00,8.02,2.0,788.0
gomdoriii,3393541,7,37,3,6,16,66.66,Female,"Zagreb, Croatia",1994-09-03,,2013-12-09,2017-12-27 19:07:00,7.17,9.0,4015.0
blankks,55724,14,317,30,9,90,95.85,Female,"Monterrey, Mexico",1994-04-03,,2008-04-24,2017-10-23 23:44:00,8.58,38.0,5462.0
FUCKYOU,287861,17,24,2,4,9,19.08,Male,England ,,,2010-01-27,2011-06-04 12:43:00,7.0,0.0,1115.0
purple_zebra,59119,2,186,5,16,55,81.33,Female,hanGover,1988-05-14,,2008-05-09,1900-03-25 10:51:00,6.96,17.0,4934.0
naraneko,3175,11,54,37,0,544,14.38,Male,Portugal,1977-06-24,,2007-04-14,2011-10-21 10:52:00,6.35,2.0,851.0
amstrak,366419,10,629,22,39,32,157.67,Male,cipoetat,,,2010-08-07,1900-04-12 07:47:00,7.58,2.0,9570.0
Muukun,448239,2,116,1,7,26,36.01,Male,"Rüzgârlı vadi, Ankara",1987-06-12,,2011-02-13,2012-09-02 14:55:00,8.25,0.0,2079.0
pyuarin,56488,8,198,0,14,144,87.21,Female,Portugal,1993-12-17,,2008-04-27,1900-05-07 10:38:00,8.15,27.0,5864.0
Raian-kun,47628,4,58,3,3,1454,12.33,Male,"Frederick, MD",1990-04-29,,2008-04-03,2018-05-17 12:01:00,9.21,0.0,642.0
FariHoshiguma,5364606,26,346,1,22,330,83.27,Male,"Santiago, Chile",1998-07-08,,2016-04-24,2018-05-18 04:40:48,5.84,2.0,4854.0
bernardoffs4,6945221,7,11,5,2,9,32.25,Male,"Santa Catarina,Brasil",2004-03-06,,2018-02-01,1900-03-01 16:38:00,8.15,0.0,1962.0
Sharpy1,207712,3,123,0,0,0,54.82,Male,"Norway, Os",1991-05-02,,2009-07-14,2017-05-16 09:29:00,8.54,0.0,3213.0
chrisxouk,3082105,7,103,0,17,13,53.05,Male,,1995-12-13,,2013-08-23,1900-04-26 04:07:00,8.03,1.0,3116.0
Talu,14633,4,239,44,83,216,90.59,Female,Israel,1993-02-20,,2007-09-23,2018-05-14 04:50:00,6.87,0.0,5500.0
Chaosrains517,157942,8,82,16,8,10,19.29,Male,"Evansville, Indiana",1990-12-12,,2009-03-10,2013-11-13 22:26:00,8.22,0.0,1162.0
Honest_Anime_Guy,4189313,0,44,8,0,3,33.68,Unknown,,,,2014-10-19,2015-12-04 01:47:00,8.26,0.0,2016.0
mintbunny,54477,4,236,0,0,0,60.64,Female,"Maryland, USA",1987-04-20,,2008-04-19,1900-03-29 20:26:00,8.34,0.0,3788.0
Script,3237769,26,170,20,26,104,64.57,Male,"Overijssel, Netherlands",1998-07-18,,2013-10-09,2018-05-18 00:40:54,8.25,15.0,3879.0
Synizta,2218753,60,461,40,2,265,155.43,Male,"Adelaide, Australia.",1993-07-29,,2013-02-23,1900-05-09 02:16:00,7.99,27.0,9338.0
ambivalentideal,226192,18,178,15,6,225,94.97,Female,Zakopane,1991-07-06,,2009-08-26,2016-09-29 13:48:00,7.87,10.0,5764.0
humhums,342697,33,424,78,37,197,138.67,Unknown,,,,2010-06-17,2016-11-13 00:06:00,7.95,7.0,8218.0
thezarz,4449048,119,308,38,25,365,92.24,Unknown,,,,2015-01-30,2018-05-14 14:57:35,7.8,0.0,5449.0
Pita10,286762,5,52,8,22,24,18.78,Female,America,,,2010-01-24,2017-12-31 09:18:00,7.71,22.0,1074.0
Green_Cat,2100565,28,585,138,289,759,146.17,Male,,1992-05-18,,2013-01-28,2018-05-18 10:41:00,6.5,129.0,8615.0
ledmfa,4802811,5,190,4,12,174,100.78,Male,,,,2015-08-09,2018-05-18 08:41:03,5.04,0.0,6147.0
Jekka,63818,43,207,57,11,221,116.68,Female,FL,1988-04-26,,2008-05-26,2014-11-11 03:14:00,8.09,21.0,7002.0
spookies_,4050315,1,97,0,0,0,91.48,Male,Brazil,1930-11-18,,2014-08-26,1900-04-05 19:10:00,9.15,3.0,5441.0
Meevir,86113,4,528,0,9,15,135.87,Female,"Moscow, Russia",1986-12-04,,2008-08-15,1900-04-30 06:57:00,7.05,30.0,8153.0
mysterialize,235018,10,117,16,45,12,39.89,Female,,1990-05-14,,2009-09-16,2012-10-23 13:27:00,6.68,59.0,2262.0
Spartacus,21861,3,124,4,1,4,111.7,Male,,1993-12-26,,2007-11-14,2012-12-13 10:59:00,7.21,151.0,9067.0
bellsworth46,161113,21,309,7,0,39,88.02,Unknown,,,,2009-03-20,1900-05-10 18:21:00,8.61,0.0,5244.0
LeV-san,41988,3,17,2,3,1,16.88,Male,Israel,1992-02-06,,2008-03-09,2008-03-22 07:36:00,8.0,1.0,1008.0
MorganaDahut,353071,13,189,32,0,118,30.3,Unknown,,1991-04-11,,2010-07-09,2011-09-26 09:57:00,7.19,6.0,1985.0
rayzen-kun,836699,8,421,161,7,141,111.72,Male,"Indonesia, Purwokerto",,,2011-10-29,2018-05-18 03:41:14,7.63,65.0,6528.0
choron,183139,9,95,5,6,6,34.77,Female,,,,2009-05-16,2010-04-29 08:31:00,8.61,0.0,2063.0
Hollowedblood,1741087,6,190,3,9,10,124.79,Unknown,Central Texas,1998-11-21,,2012-11-07,1900-01-30 06:38:00,7.04,14.0,7464.0
_mayumih,403463,4,29,1,1,2,16.85,Female,Puerto Rico,1994-11-14,,2010-11-02,2011-01-03 21:03:00,9.15,0.0,1004.0
CrasherTN,4693914,5,39,7,0,64,11.48,Male,,1999-01-22,,2015-06-23,2016-04-15 20:56:00,9.16,0.0,690.0
ShiroBernkastel,2411075,13,816,24,49,274,288.15,Male,"Matapozuelos, Valladolid",1996-04-07,,2013-04-08,2018-05-16 08:27:00,6.87,20.0,18706.0
nelsain,453362,4,456,2,9,27,93.58,Male,Zelenograd,1992-01-01,,2011-02-24,1900-03-10 13:36:00,7.37,0.0,5710.0
s_laughter,516087,8,249,130,0,10,117.3,Male,,1991-11-23,,2011-07-17,1900-05-14 00:36:00,8.69,37.0,7032.0
dragosedge,4072963,2,45,1,2,197,55.47,Male,"Romania, Bucharest",,,2014-09-04,2018-05-18 09:41:25,8.74,1.0,3367.0
Syareo,219668,9,276,14,11,83,78.07,Unknown,Norway,1991-10-26,,2009-08-11,1900-02-24 22:43:00,7.04,3.0,4863.0
Lonely_Star,315845,3,18,0,0,0,3.97,Female,Gazing at the lonely stars above,,,2010-04-12,2010-06-28 18:23:00,8.38,0.0,230.0
Meichan,118364,4,52,16,8,11,34.52,Female,Finland,1994-08-18,,2008-11-28,2010-11-09 04:41:00,7.23,0.0,2043.0
Deegamah,279082,7,28,1,3,20,17.1,Male,,,,2010-01-06,2014-12-26 00:22:00,7.81,1.0,1024.0
caraa,2667927,5,108,11,4,32,32.56,Female,Australia,1999-11-23,,2013-06-04,1900-03-10 22:50:00,7.36,1.0,1843.0
rjmantilla,357894,11,81,15,6,89,24.24,Male,"Bogotá, Colombia",,,2010-07-19,2012-11-12 17:30:00,7.98,0.0,1466.0
Xostbext,4337323,5,76,0,2,45,33.33,Unknown,,,,2014-12-21,2018-05-17 01:00:25,7.7,3.0,1998.0
lovelypops,443941,5,144,1,0,15,67.28,Female,France,1994-08-21,,2011-02-03,1900-05-13 05:25:00,7.63,0.0,4078.0
DanielKurogane,5646441,19,39,0,0,1,22.15,Unknown,,,,2016-08-24,1900-01-13 21:59:00,8.23,0.0,1310.0
EndlessKey,260566,33,273,93,8,55,153.69,Male,"Chicago, IL",,,2009-11-19,2015-09-13 10:10:00,9.47,29.0,9177.0
skullhly,3347059,28,131,6,0,84,20.44,Unknown,,,,2013-11-19,2017-06-06 01:14:00,7.46,0.0,1325.0
Atmostphear,3471853,6,122,8,68,16,50.81,Male,Minnesota,1994-06-17,,2014-01-08,1900-03-24 16:38:00,8.64,12.0,2964.0
x-1o8-x,4136,6,349,2,5,1,100.14,Male,penang,1988-07-03,,2007-05-10,1900-03-04 08:09:00,7.81,28.0,5996.0
green_chobo,196170,5,120,2,4,22,40.74,Unknown,,,,2009-06-19,2017-10-19 16:23:00,7.87,0.0,2426.0
ura_genky,472640,14,235,660,0,36,28.28,Unknown,,,,2011-04-11,2013-03-24 04:00:00,7.94,0.0,1809.0
VOLK_TE37,4487914,9,101,4,1,41,25.18,Male,"Moscow, Russia",1993-12-10,,2015-03-02,1900-05-16 03:41:00,7.59,28.0,1456.0
-_Yumi_-,291537,2,176,0,0,35,156.35,Female,Bulgaria,1995-12-28,,2010-02-06,2017-12-24 01:30:00,8.58,184.0,9339.0
Sakaiyu,276243,13,374,0,15,59,91.22,Male,Germany,1995-03-18,,2009-12-31,2017-08-05 09:41:00,7.44,0.0,5431.0
Tsugumi,32985,70,1013,10,47,41,245.71,Female,,1987-09-15,,2008-01-22,1900-04-26 06:29:00,6.96,4.0,14464.0
Agnasa,12349,14,832,1,2,110,184.73,Female,"Kaunas, Lithuania",1990-08-20,,2007-09-05,2018-05-15 04:41:00,7.78,26.0,10867.0
godblade,62172,1,163,1,3,1,86.15,Unknown,,,,2008-05-20,2016-09-27 17:53:00,8.66,17.0,5187.0
jeskaeli,2470159,18,334,1,31,308,93.03,Female,"Athens, Georgia",,,2013-04-22,2018-05-16 23:36:29,7.16,71.0,5257.0
windragon122,425301,11,80,4,11,9,21.7,Unknown,,,,2010-12-27,2014-10-26 19:01:00,7.9,0.0,1277.0
wintermute,29949,2,184,1,0,5,24.39,Male,Ukraine,1989-07-27,,2008-01-06,2013-10-28 13:52:00,8.87,0.0,1481.0
Nurkie,5101764,26,179,5,17,58,71.85,Male,Missouri,1984-11-14,,2016-01-04,1900-05-16 00:27:00,7.56,0.0,4399.0
-Sphinx-,3529703,402,346,73,11,266,114.62,Male,,1997-01-01,,2014-01-28,1900-05-06 16:12:00,8.38,1.0,7004.0
Mikotsu,2422213,104,1043,1,2,130,362.54,Unknown,Wc Ronalds,,,2013-04-11,1900-05-13 18:49:00,8.73,6.0,22832.0
ryu15,98236,35,236,5,19,60,85.99,Male,Cracow,1989-11-25,,2008-09-25,1900-03-28 15:30:00,7.31,25.0,5275.0
Ana_,1369385,10,105,0,1,0,38.27,Female,"Bauru, Brasil ",1994-08-01,,2012-06-28,2015-06-11 12:59:00,8.54,0.0,2265.0
elliwerepanther,363266,14,248,17,30,43,94.12,Female,"Delaware, Ohio",1982-05-06,,2010-07-31,1900-01-23 05:33:00,7.68,39.0,5642.0
Restredainted,1873148,46,299,11,14,85,79.57,Unknown,Ireland,1993-05-07,,2012-12-08,2017-10-18 23:41:00,8.39,29.0,4692.0
englids,10174,5,157,37,6,34,78.01,Female,,,,2007-08-13,2011-10-21 20:26:00,8.63,0.0,4657.0
Enya,57739,8,33,0,2,3,25.49,Female,"Siedlce, Poland",1994-03-23,,2008-05-03,2010-11-24 10:41:00,7.35,25.0,1516.0
angelicax,123009,19,82,5,1,41,20.65,Female,Malaysia,1995-09-28,,2008-12-12,2017-10-20 22:39:00,8.24,0.0,1204.0
MeRi-SlOt,284336,20,31,1,13,54,13.84,Female,The Land Of The Rising Sun,,,2010-01-18,2013-06-08 05:40:00,6.52,0.0,834.0
nawx,1908994,3,131,3,7,24,20.4,Male,,1994-10-10,,2012-12-16,2016-06-14 17:18:00,7.1,0.0,1390.0
akajayjay1,5451527,11,248,23,25,265,103.28,Male,,,,2016-06-03,1900-05-16 08:32:00,7.26,29.0,6186.0
MitsuyoChan,431325,13,332,6,2,174,83.16,Female,,1995-10-11,,2011-01-08,2016-02-11 07:42:00,7.6,29.0,5162.0
IchigoK,4907745,5,89,5,9,7,74.7,Unknown,,,,2015-09-30,1900-04-29 03:42:00,8.58,0.0,4502.0
Myucil,185726,10,266,10,11,59,81.09,Male,,1993-12-09,,2009-05-23,2017-10-04 00:36:00,8.03,2.0,4748.0
streetcutter,6284425,24,110,14,33,150,33.6,Male,Sydney,1982-04-08,,2017-05-31,2018-05-17 02:29:00,7.7,12.0,1935.0
Shinta2k1,1939,5,225,6,8,4,106.85,Unknown,,,,2007-02-10,2009-11-29 09:24:00,7.58,6.0,6298.0
Katapan,3748,16,381,2,156,0,112.01,Male,"Lyon, France",1990-08-12,,2007-04-29,2017-07-19 15:31:00,6.84,0.0,6758.0
Neko_Mimi,173552,5,63,5,6,21,54.1,Female,,1986-09-24,,2009-04-21,2013-11-19 18:01:00,7.19,5.0,3218.0
ChronicZetsubou,106313,10,98,35,4,209,42.7,Male,"Pennsylvania, US",1990-02-09,,2008-10-18,2017-05-20 23:43:00,8.52,0.0,2584.0
CherryBlossom98,3216003,24,519,9,17,46,169.79,Female,,,,2013-10-03,2018-05-18 00:42:37,8.14,75.0,10218.0
PoisonousPassion,248179,5,136,12,6,227,77.72,Female,North Carolina,1992-01-01,,2009-10-18,1900-04-21 12:39:00,7.42,46.0,4531.0
VitOrALunO,215566,10,21,2,0,4,28.92,Male,"sao leo, rs",1992-06-12,,2009-08-02,2009-10-02 17:45:00,7.86,0.0,1734.0
Minori92,47082,8,63,6,8,27,28.74,Unknown,,,,2008-04-01,2011-03-19 04:44:00,9.05,0.0,1789.0
ferranet13,5445037,36,527,0,0,159,208.09,Male,"La Vall D'Uxo,Castellon",1983-10-07,,2016-05-31,1900-04-30 15:13:00,6.72,0.0,12477.0
skycaptainmarie,349721,1,21,3,1,6,16.56,Female, US,1991-12-05,,2010-07-02,2011-02-16 19:57:00,8.55,12.0,979.0
Spaceater,256423,21,140,6,7,85,76.88,Male,"Milano, Italy",1988-08-27,,2009-11-08,1900-03-25 09:59:00,7.97,0.0,4473.0
cokounut,5241783,14,121,29,0,29,42.9,Male,,1997-05-28,,2016-03-06,1900-04-21 16:00:00,7.65,12.0,2565.0
Kiene,123015,1,189,284,30,0,39.96,Female,"Ukraine, Yalta",1990-01-22,,2008-12-12,2011-07-05 23:32:00,7.45,0.0,2408.0
BlazeDrag414,83743,13,156,9,1,14,93.68,Male,"Alhambra, California",1994-04-14,,2008-08-07,2018-05-16 12:00:42,7.33,2.0,5646.0
RaptorOnyx,5793731,24,137,5,0,43,30.0,Male,"Caracas, Venezuela",1999-12-14,,2016-10-24,2018-05-18 03:42:55,7.05,0.0,1748.0
Radaghast,83371,20,519,9,7,71,213.89,Male,,1981-09-08,,2008-08-06,2018-05-18 01:42:57,6.58,16.0,12947.0
KoTQ,516583,1,189,0,36,0,52.82,Male,,,,2011-07-17,2017-04-09 20:20:00,8.65,0.0,3166.0
Fellinger,374212,30,177,16,2,232,64.67,Male,Halle Westf.,1994-02-15,,2010-08-24,2018-05-18 10:43:01,8.34,3.0,3843.0
Aubreebree,6368284,22,66,30,9,65,15.49,Female,Texas,,,2017-07-04,2018-05-17 06:51:08,7.97,1.0,1084.0
xdraim,1367331,6,342,17,46,5,200.63,Unknown,,,,2012-06-27,1900-05-07 17:40:00,6.76,61.0,11888.0
tc2782,143675,13,66,1,29,3,40.19,Male,"Georgia, United States",,,2009-01-28,2010-05-23 17:58:00,6.24,0.0,2398.0
rhiannoncrow,29170,19,109,6,10,40,31.84,Female,,1992-01-02,,2008-01-02,2013-04-26 18:18:00,7.59,6.0,1967.0
code-fiq,26547,8,173,7,7,6,61.81,Male,Brunei,1992-08-04,,2007-12-17,2016-11-17 11:31:00,8.05,15.0,3680.0
socialfailure,124229,4,243,1,42,6,156.13,Male,Singapore,1995-06-21,,2008-12-16,1900-05-15 04:57:00,7.01,21.0,9334.0
DesertRose91,924633,7,78,1,6,5,68.33,Female,"Turin,Italy",1991-05-26,,2011-11-11,2017-09-29 01:35:00,7.4,0.0,4085.0
fmazon3,463820,18,50,1,5,110,47.11,Male,,1990-01-01,,2011-03-20,2015-08-15 19:03:00,8.26,5.0,2809.0
digital_blitz,9155,3,56,26,22,53,21.3,Female,New York State,1988-12-24,,2007-08-01,2010-10-01 01:40:00,8.52,18.0,1188.0
YaibaToKen,4147165,35,302,41,95,54,167.28,Unknown,,,,2014-10-03,2018-05-15 14:31:30,8.33,0.0,10950.0
Ellysa,136519,20,197,12,9,161,52.57,Female,Poland,,,2009-01-18,1900-04-11 19:13:00,7.5,1.0,3218.0
how_do_i_pants,5167605,2,64,0,0,0,33.24,Male,,1997-04-28,,2016-01-31,2016-03-06 18:23:00,7.45,0.0,1991.0
V30LZfX588,2394161,1,77,7,8,93,22.41,Male,Tashkent,1993-05-12,,2013-04-05,2013-11-10 06:11:00,7.52,9.0,1306.0
DariKingInverse,1507041,2,45,6,1,42,38.84,Male,"Pawtucket, Rhode Island",1997-05-27,,2012-09-10,2014-08-16 00:39:00,7.92,2.0,2324.0
monstertrio,1090473,0,155,11,4,0,80.92,Male,Turkey,,,2012-01-05,2017-07-11 23:11:00,7.41,0.0,4757.0
InAbsentia,371565,1,93,4,3,1,43.7,Male,Arkansas,1988-10-07,,2010-08-18,2016-12-17 03:40:00,7.33,7.0,2611.0
Vasouris,89886,2,234,1,2,28,87.19,Male,,,,2008-08-28,2017-09-26 08:52:00,7.63,0.0,5111.0
Flak,217975,1,78,1,0,0,24.76,Male,http://tinyurl.com/lrdkby,2010-12-31,,2009-08-07,2009-12-11 16:07:00,6.36,0.0,1453.0
MrBobSchmitt101,1471463,40,97,10,0,65,37.58,Female,,1996-04-16,,2012-08-21,1900-03-14 10:40:00,7.18,0.0,2283.0
sigurros,130883,9,207,0,17,14,41.51,Female,Poland,1994-03-22,,2009-01-04,1900-02-07 10:20:00,7.46,13.0,2581.0
KPCahyadi,5399419,0,48,5,2,64,9.12,Male,"Indonesia, Kalimantan timur",2000-12-24,,2016-05-09,1900-05-07 03:01:00,8.3,0.0,565.0
Elanos81,4446518,42,55,1,0,74,16.58,Male,"Saint- Petersburg, Russia",1999-01-17,,2015-01-28,1900-04-26 09:59:00,8.11,0.0,990.0
boracarina,3546997,4,45,2,4,32,17.53,Female,,1999-11-03,,2014-02-02,2016-06-01 05:49:00,8.51,2.0,1017.0
VeeGhost,3398515,8,348,13,5,59,100.81,Male,Indonesia,1995-09-08,,2013-12-11,2016-12-28 02:15:00,8.22,0.0,6000.0
Child_ish,291823,5,120,16,37,16,74.06,Male,,1989-03-21,,2010-02-07,2014-03-21 11:17:00,8.92,15.0,4308.0
OliMongeon,1860876,4,13,4,2,17,25.39,Male,"Val des monts, QC canada",1992-03-15,,2012-12-05,2013-06-07 18:23:00,7.5,10.0,1508.0
DennaKingKiller,5107212,32,298,20,27,320,86.43,Female,Portugal,1998-09-28,,2016-01-06,2018-05-17 12:32:00,7.39,2.0,5098.0
ZinChen,435941,3,58,4,0,9,24.86,Male,Rostov-on-Don,1988-12-16,,2011-01-16,2017-07-05 07:17:00,8.14,29.0,1405.0
Fu-Panda,2376251,30,1537,0,12,35,413.88,Male,"Tübingen (Baden-Württemberg), Germany",,,2013-04-01,2018-05-15 11:10:00,6.93,0.0,26649.0
NikyNik,1945546,0,39,3,3,28,18.46,Male,,,,2012-12-25,2013-03-14 04:49:00,5.83,3.0,1108.0
mrgreenking23,363556,2,143,1,0,26,68.55,Male,California,1990-02-13,,2010-08-01,2017-09-25 21:40:00,7.68,0.0,4092.0
reversedge,79882,0,39,10,0,1,34.48,Unknown,,,,2008-07-26,2010-03-20 21:53:00,7.72,18.0,2080.0
Niz_45,472155,7,58,13,1,67,39.02,Male,,,,2011-04-10,2018-05-15 10:33:10,8.69,4.0,2329.0
M3Rush,1665963,299,489,62,11,195,155.3,Male,Toronto,1993-07-28,,2012-10-20,1900-04-25 20:56:00,7.89,2.0,9233.0
Jemakoi,6093874,18,317,21,24,182,52.25,Male,Tampere,,,2017-03-08,2018-05-17 13:21:00,7.52,42.0,3847.0
singing_siren,149061,6,55,9,0,8,45.78,Male,Australia,1993-03-26,,2009-02-12,1900-04-16 06:14:00,8.71,36.0,2729.0
xundra,197663,27,56,11,15,73,28.2,Female,Bermuda Triangle,1990-10-29,,2009-06-23,2017-10-15 18:24:00,7.03,1.0,1696.0
Tybss,3484863,6,133,2,1,92,35.4,Female,UK,1995-11-17,,2014-01-13,2017-01-18 10:14:00,7.67,0.0,2125.0
Mizusa,271555,9,25,2,5,7,13.28,Female,Poland,,,2009-12-19,2009-12-24 13:44:00,7.93,0.0,817.0
garrettrberger,2463271,4,63,2,2,1,20.59,Male,"medford, wisconsin",1998-08-14,,2013-04-20,1900-01-11 00:31:00,7.3,10.0,1212.0
Artemesia,3627205,2,112,10,9,45,23.81,Female,Umi,,,2014-03-11,1900-05-05 11:07:00,8.15,0.0,1465.0
Donut_Tai,4006571,6,93,16,4,22,66.73,Unknown,,,,2014-08-10,1900-05-11 05:18:00,8.02,92.0,3917.0
xFlashBeater,4778617,35,273,7,36,103,71.96,Unknown,,,,2015-07-29,1900-05-05 02:44:00,8.93,0.0,4368.0
Hasechii,1889194,4,267,0,7,0,98.24,Male,In a galaxy of glistening stars.,1996-03-18,,2012-12-12,2016-09-24 09:02:00,6.84,0.0,5884.0
mnash,55576,8,266,21,0,65,69.94,Male,MALAYSIA  K.L,1992-02-19,,2008-04-24,2017-10-16 05:40:00,7.13,1.0,3972.0
X1John,454036,2,81,16,2,9,49.79,Unknown,,,,2011-02-25,2017-04-30 14:45:00,8.46,0.0,3015.0
Muird,145535,4,265,0,0,29,88.82,Male,Poland,1990-03-18,,2009-02-02,2012-04-27 11:19:00,8.46,0.0,5243.0
Ongoingwhy,1417223,0,116,0,14,7,50.26,Male,Singapore,1992-06-05,,2012-07-24,1900-01-17 05:43:00,7.15,0.0,2998.0
rafaelro,2661331,35,245,0,26,52,129.52,Male,"Paracatu, Minas Gerais",1995-04-12,,2013-06-03,1900-05-16 14:00:00,8.59,2.0,7761.0
Konstantin,23566,20,950,38,259,17,257.57,Male,"Seattle, WA",1977-12-02,,2007-11-25,1900-05-15 20:12:00,7.57,242.0,15173.0
stoppedxtime,215543,6,38,31,8,20,22.36,Female,,,,2009-08-02,2012-05-28 14:04:00,7.32,9.0,1277.0
DemonzuEkisu,6962164,1,229,10,2,515,74.63,Male,,2000-11-11,,2018-02-07,2018-05-18 11:44:09,7.26,0.0,4488.0
Sharlay,479399,22,256,16,10,39,61.25,Unknown,,1995-02-11,,2011-04-26,1900-04-23 15:15:00,8.25,0.0,3816.0
PiRhoManiac,348642,10,673,6,20,57,113.98,Male,North Carolina,1986-04-03,,2010-06-30,2018-05-18 09:44:14,7.31,0.0,7627.0
Valex,231788,1,279,10,146,108,63.58,Male,"Narovchat, Russia",1988-05-26,,2009-09-08,1900-05-12 10:21:00,7.04,1.0,3633.0
AP135,5693,56,128,20,11,44,69.38,Male,,1988-05-13,,2007-06-14,2014-08-30 14:55:00,8.26,0.0,4149.0
Blujin,4579145,10,162,16,2,750,61.81,Female,,1994-05-05,,2015-04-25,1900-05-01 06:33:00,7.6,7.0,3634.0
Pokboy,2534467,51,253,8,19,203,76.04,Unknown,,,,2013-05-07,2017-08-28 03:55:00,7.33,0.0,4513.0
Hisagi-Chan,402347,10,250,10,11,11,107.14,Male,Germany,1989-11-30,,2010-10-31,2016-01-22 12:29:00,8.28,0.0,6722.0
phokxinhuh,1563689,13,78,1,1,27,25.24,Male,"Lisboa, Portugal",1990-08-06,,2012-09-30,2018-05-13 15:12:46,7.87,0.0,1557.0
Dragoon37,71853,0,246,0,4,0,71.69,Male,Missouri,,,2008-06-26,2016-04-27 15:11:00,7.11,4.0,4256.0
capriciousyouth,157610,53,32,18,4,7,13.7,Female,,1980-09-26,,2009-03-09,2011-12-12 14:14:00,7.8,0.0,818.0
theharshone,323501,3,891,0,16,77,252.41,Male,United States,,,2010-05-01,1900-05-08 23:55:00,8.18,0.0,14951.0
Cursedflame,55899,97,1000,98,38,186,309.94,Male,Sweden/Gothenburg,1985-12-28,,2008-04-25,1900-05-04 20:58:00,7.47,2.0,18458.0
87k,5271400,47,392,18,71,76,97.87,Unknown,Canada ,,,2016-03-18,2018-05-17 06:27:00,6.05,42.0,6481.0
dantolyntan,4064919,2,331,11,105,73,74.97,Unknown,,,,2014-08-31,1900-04-25 22:22:00,5.7,2.0,4427.0
kurosakielif,1100383,3,57,3,2,16,48.87,Female,,1992-02-21,,2012-01-12,2015-03-08 08:03:00,7.83,0.0,2935.0
reydb,6083495,6,80,2,0,91,60.1,Male,"Paris,France",1994-01-15,,2017-03-03,2017-04-05 14:07:00,6.99,0.0,3621.0
Lazengann,334689,14,47,3,6,5,10.99,Male,,,,2010-05-30,2015-08-07 01:45:00,8.4,2.0,636.0
askyninja,3198559,17,161,46,44,20,50.51,Male,,,,2013-09-27,1900-05-09 17:38:00,6.14,0.0,3054.0
hatsuseno,6191,2,57,3,0,13,52.05,Male,"Amsterdam, the Netherlands",1987-10-10,,2007-06-24,2018-05-14 12:37:49,8.32,55.0,3249.0
MKii,348475,18,210,3,6,115,106.02,Male,,1993-10-09,,2010-06-30,1900-04-22 17:41:00,8.25,0.0,6337.0
Zelaya123,6376098,23,173,35,26,144,36.36,Unknown,,,,2017-07-06,2018-05-17 03:50:00,7.42,0.0,2295.0
mark9717,238437,25,186,0,0,11,81.9,Unknown,,,,2009-09-24,2015-05-15 12:51:00,7.9,208.0,4380.0
sakimori,7395,29,74,3,5,85,27.75,Male,"London, United Kingdom",1991-05-05,,2007-07-13,2016-12-19 04:41:00,7.64,28.0,1518.0
Leuo,285846,0,19,2,2,2,7.18,Male,"São Paulo, São Paulo",1988-08-07,,2010-01-22,2017-01-11 05:16:00,8.05,0.0,419.0
angie0814,372697,5,28,7,1,1,16.13,Unknown,,,,2010-08-21,2012-03-21 17:09:00,8.66,2.0,963.0
Da_Harem_King,3674457,56,238,21,25,36,61.24,Male,"Harem King Academy, Harem City",2000-04-02,,2014-04-02,1900-04-26 07:43:00,7.94,0.0,3689.0
Boogiepop1989,6812747,0,562,42,104,6,91.65,Male,"Brazil, Lagoa Santa-MG",1989-06-22,,2017-12-17,2018-05-18 00:44:54,7.03,0.0,5114.0
athoszxc,294018,20,838,1,2,85,197.98,Male,Londrina - Brazil,1992-08-22,,2010-02-13,2017-11-29 06:12:00,7.86,0.0,12192.0
Lilgnomy,202073,1,136,0,11,7,46.55,Male,"Jurmala, Latvia",1995-09-14,,2009-07-03,1900-05-12 22:39:00,7.73,0.0,2770.0
Jojobro,5275615,37,642,31,58,629,173.24,Male,,,,2016-03-20,2018-05-15 15:26:01,6.85,44.0,10830.0
lolitsmonkeybutt,6407495,8,60,16,3,125,27.93,Unknown,,,,2017-07-16,2018-05-15 02:30:00,7.43,9.0,1665.0
gaarasgirl21,146167,8,25,7,4,11,46.64,Female,"Junortoun, Australia",1990-02-25,,2009-02-03,2010-01-04 19:36:00,6.84,14.0,2821.0
Kaito,5236461,3,112,0,0,2,23.76,Unknown,,,,2016-03-03,2018-05-13 18:52:30,7.48,1.0,1492.0
higi1024,3331067,28,571,76,112,143,98.89,Unknown,Canada,,,2013-11-11,2018-05-23 06:02:07,6.01,6.0,7603.0
Drestou,161375,25,102,9,7,2,64.96,Male,Poznań,1992-10-19,,2009-03-21,2013-08-15 08:17:00,8.14,0.0,3894.0
EstherTakumi,1971348,7,548,4,4,20,153.43,Male,"Alor Star, MY",,,2012-12-31,2018-05-17 03:18:00,7.64,1.0,11909.0
RamielChan,3502931,5,283,1,20,40,75.15,Male,Dixie ,,,2014-01-19,1900-04-26 00:09:00,6.15,4.0,4343.0
winterheat,1831161,3,37,1,14,8,20.43,Female,,,,2012-11-29,2012-12-30 16:21:00,5.96,0.0,1263.0
cha-chan,58539,25,56,27,42,160,47.3,Female,,1996-07-20,,2008-05-06,2011-09-09 05:04:00,6.63,16.0,2858.0
sweetbeat001,423660,81,296,12,6,67,62.0,Female,,1998-04-24,,2010-12-23,1900-04-22 08:03:00,7.6,0.0,3840.0
Zarramoth,3898947,1,77,2,8,1,49.35,Unknown,,,,2014-07-05,2017-06-18 17:51:00,7.85,1.0,2957.0
tru23,8793,2,49,0,6,9,28.32,Male,Budapest,1992-05-07,,2007-07-29,2017-09-29 14:02:00,7.98,0.0,1668.0
Forest-kun,481629,58,220,3,3,242,52.36,Female,"Wish I Knew, If I Cared",,,2011-05-01,2014-12-11 18:58:00,6.47,13.0,3269.0
Latarenko,115539,7,322,21,0,3,119.75,Male,,1992-09-07,,2008-11-18,2012-03-12 08:01:00,9.22,0.0,7139.0
rimedragona,22834,32,145,30,9,52,127.34,Female,Wisconsin,1982-05-20,,2007-11-20,1900-03-16 17:04:00,7.3,109.0,7454.0
Kev30,3190107,19,71,0,0,31,17.5,Unknown,"Zoetermeer,Netherlands",1996-05-18,,2013-09-25,1900-04-24 10:49:00,8.34,0.0,1036.0
Chameleon_Skin,1037061,45,165,7,10,104,32.21,Female,,1994-07-27,,2011-12-02,2017-10-11 22:46:00,7.42,0.0,2053.0
arkai,210644,6,118,0,1,29,86.9,Male,Brasil,,,2009-07-20,2018-05-14 12:09:00,7.53,0.0,5221.0
BobyKostov,1350571,320,238,70,90,1283,64.15,Male,Fuckin' Narnia,,,2012-06-17,1900-05-10 07:00:00,3.57,3.0,4027.0
CissySSE,183774,1,254,17,59,12,76.73,Unknown,,,,2009-05-18,2016-12-06 09:13:00,6.26,0.0,4615.0
Sandaime,56083,10,53,4,0,35,54.7,Male,Warsaw,,,2008-04-26,2014-11-11 14:47:00,8.34,3.0,3292.0
SuperUBE,3471541,10,155,10,2,36,72.2,Male,Southern California,1992-09-19,,2014-01-08,1900-02-17 05:01:00,8.13,3.0,4268.0
LilRainchan,144256,6,67,0,0,0,31.07,Unknown,Florida,,,2009-01-29,2014-09-15 15:23:00,8.87,4.0,1856.0
thomassimpsons,4778210,8,68,2,5,6,47.17,Male,"India,Mumbai",2000-08-16,,2015-07-29,1900-04-14 06:46:00,6.63,0.0,2833.0
Sotomi,2079991,1,78,5,0,15,18.77,Female,London,1998-03-13,,2013-01-23,1900-05-09 08:07:00,8.28,0.0,1155.0
squee01,147640,13,48,26,2,73,39.22,Male,"Winnipeg, MB",1987-09-03,,2009-02-07,2017-07-10 19:44:00,8.43,19.0,2303.0
Navera,1237503,34,219,230,0,1525,52.04,Female,Poland,1995-09-19,,2012-04-07,1900-05-10 10:36:00,6.62,16.0,3238.0
RikkidoSeph,95721,17,137,0,0,2,44.14,Male,UK,1987-12-02,,2008-09-17,1900-05-11 18:29:00,8.38,0.0,2586.0
Spheal,513984,4,421,10,0,43,87.77,Unknown,"Dead Rocks, France",1997-08-20,,2011-07-14,2018-05-17 10:40:00,6.88,0.0,5481.0
KitSilver,235620,5,351,2,77,14,138.76,Female,Canada,,,2009-09-17,2017-03-03 14:55:00,7.12,6.0,8398.0
Integrus,2434367,4,120,1,0,43,26.19,Male,,1987-01-01,,2013-04-14,2017-09-29 01:15:00,8.18,0.0,1493.0
jupiterjazz,5154,14,61,2,5,4,75.23,Male,"Richmond, Indiana",1987-01-29,,2007-06-03,2011-05-05 03:02:00,7.53,80.0,4328.0
mudkipboy13,373199,13,224,5,13,5,151.74,Male,beverley,1994-08-04,,2010-08-22,2017-10-24 16:30:00,8.28,79.0,9444.0
Wasabe_Chan,370195,1,65,3,1,153,29.99,Female,Brasil,,,2010-08-15,1900-03-30 10:56:00,8.04,1.0,1804.0
grklein,288989,20,1262,71,85,66,275.15,Male,Brazil,1974-10-16,,2010-01-30,2018-05-17 02:48:09,7.49,18.0,16291.0
ZERO-ALPHA,585185,20,106,53,0,109,70.31,Male,,1992-08-02,,2011-09-14,2016-07-30 03:21:00,8.24,0.0,4176.0
Metropolis,380946,0,32,0,0,0,9.3,Unknown,,,,2010-09-08,2010-09-08 23:03:00,6.81,0.0,551.0
KoteDiM,2670407,11,213,19,14,187,123.99,Female,"Aalborg, Denmark",1991-01-18,,2013-06-05,1900-04-11 14:36:00,7.24,52.0,7430.0
KaoriLee,5684715,127,253,3,0,30,79.19,Unknown,,,,2016-09-09,1900-05-10 09:37:00,7.8,0.0,4896.0
orangehouse,53953,31,862,18,4,18,227.43,Male,Singapore,1992-08-30,,2008-04-18,2018-05-16 12:25:10,7.58,0.0,13678.0
waterdog,265625,9,114,2,16,25,31.74,Male,,,,2009-12-03,2017-11-22 14:21:00,7.39,0.0,1783.0
AnvilMAn,181196,19,482,0,22,16,141.27,Male,,1983-06-03,,2009-05-10,2018-05-18 03:45:48,8.08,0.0,8690.0
napolean86,344455,59,423,65,1,40,125.69,Male,"Winter Haven, Florida. United States",1986-07-19,,2010-06-21,2015-10-31 21:13:00,8.02,0.0,7319.0
TheGuni,1056,22,22,1,0,9,24.46,Male,New York,1990-06-28,,2006-10-25,2011-06-19 14:49:00,8.7,2.0,1439.0
Teddywangdoodle,2757847,5,82,0,9,34,19.08,Female,,,,2013-06-23,1900-05-16 10:06:00,8.11,1.0,1156.0
sevenseptsiete,3407447,0,33,0,0,0,6.39,Female,,1991-05-11,,2013-12-15,2014-02-12 04:43:00,8.88,0.0,366.0
nixnao,140796,12,213,24,30,9,91.81,Male,,1988-05-19,,2009-01-19,1900-04-17 12:07:00,7.43,34.0,5299.0
Nayru,11415,4,33,3,0,0,19.12,Female,,1986-08-31,,2007-08-27,2008-07-17 23:35:00,8.2,6.0,1155.0
redyuu,202197,3,60,1,1,3,78.25,Male,Taiwan,,,2009-07-03,2009-07-07 16:15:00,8.3,148.0,4502.0
fabinhopk,2738751,20,445,0,11,77,128.37,Male,Rio de Janeiro,1989-08-18,,2013-06-19,2018-05-17 14:31:00,9.04,0.0,7786.0
FiendishJZA,1446503,6,160,1,9,222,38.4,Male,,1994-11-01,,2012-08-08,2018-05-18 11:46:04,7.49,0.0,2383.0
Pazuza,395039,2,36,0,0,14,7.69,Male, Far Refuge,1989-01-01,,2010-10-12,2011-09-09 10:20:00,8.24,0.0,417.0
Patcheel,1781021,5,160,8,4,37,69.1,Male,"NYC, New York",1994-05-01,,2012-11-17,1900-01-28 22:34:00,7.63,8.0,4019.0
Ryuki-kun,152264,6,63,12,3,105,56.25,Male,,1990-10-14,,2009-02-21,2010-02-22 01:04:00,8.35,40.0,3358.0
fleur,218114,2,98,2,8,11,42.19,Female,"Moscow, Russia",1991-08-28,,2009-08-08,2012-06-08 09:03:00,7.63,0.0,2496.0
ShiroganeDx,398614,152,1206,13,0,121,330.39,Male,Poland,1989-05-22,,2010-10-21,1900-04-13 05:02:00,7.4,73.0,20217.0
renanpma,5359761,5,35,36,15,62,24.47,Unknown,,,,2016-04-22,2018-05-18 01:46:10,7.6,0.0,1463.0
Plate,54667,10,829,13,492,498,151.82,Male,,2018-01-01,,2008-04-20,2018-05-15 04:13:00,6.5,37.0,9596.0
mayumidlh,359815,2,243,0,4,18,66.87,Female,Brazil,,,2010-07-23,1900-04-24 17:51:00,7.73,15.0,4045.0
Danny_000,38822,5,93,0,26,1,60.04,Male,Rainy Los Angeles,1991-08-07,,2008-02-21,2015-10-13 20:38:00,8.2,2.0,3589.0
Moeker,136240,17,280,2,0,3,91.77,Male,Germany,1990-01-01,,2009-01-18,1900-05-14 15:25:00,7.87,10.0,5503.0
blufrenzy93,75620,3,70,2,2,1,51.91,Female,"Chicago, IL",,,2008-07-10,2015-03-15 14:17:00,7.24,2.0,3120.0
AurumGG,3582615,6,402,23,121,105,123.79,Male,"Tampa, Florida",1996-06-05,,2014-02-17,1900-05-13 20:28:00,5.67,22.0,7305.0
F4bio,2148545,0,66,6,7,40,24.51,Male,"Bergamo, Italia",1995-07-14,,2013-02-07,2016-05-08 04:08:00,7.14,0.0,1441.0
Megalobst,3485199,5,276,25,30,55,119.54,Male,"My Room, Netherlands",,,2014-01-13,1900-05-12 01:12:00,7.33,26.0,7246.0
deadgoddess,184620,17,103,0,0,40,41.68,Unknown,,1991-10-03,,2009-05-20,1900-03-10 00:14:00,8.69,0.0,2451.0
Skullcrusher,251414,29,1256,0,0,227,244.26,Male,Italy,1983-03-08,,2009-10-26,2018-05-18 09:46:22,7.27,0.0,15155.0
TheDarkSky,375388,15,15,3,2,28,4.87,Female,.......,1994-01-03,,2010-08-27,2011-02-14 05:24:00,7.76,0.0,286.0
tklein,234923,11,20,0,0,0,8.28,Unknown,,,,2009-09-16,2009-09-30 06:13:00,7.78,0.0,519.0
Himeka123chan,5103631,2,142,3,2,519,50.93,Female,Brazil,1999-09-07,,2016-01-05,2018-05-17 04:48:49,8.3,0.0,3074.0
kariya-kun,256008,5,166,13,36,56,44.19,Female,"Bristol, UK",1996-01-01,,2009-11-07,2015-09-18 16:25:00,6.9,2.0,2658.0
Geean_Porteles,6921861,10,85,5,10,32,75.84,Unknown,"Santa Catarina, Brazil",,,2018-01-23,2018-05-16 07:07:11,7.03,0.0,4590.0
kookieninja,1642723,5,63,9,5,154,47.93,Female,"Corpus Christi,Texas ",1993-06-21,,2012-10-15,1900-02-18 18:31:00,8.18,2.0,2856.0
BakaOtakuFish,644883,23,383,75,24,331,133.87,Female,Germany,,,2011-09-25,2018-05-16 00:26:02,8.43,15.0,8272.0
Rasco,305534,7,283,72,5,72,157.41,Unknown,,,,2010-03-17,2017-10-10 14:14:00,7.93,48.0,9565.0
tazdevil,240736,8,33,0,1,0,42.58,Male,"IJzendoorn, Netherlands",1988-07-04,,2009-09-30,2010-08-17 11:05:00,8.67,0.0,2523.0
SoloJolii,282046,6,57,7,2,44,26.34,Female,,1994-04-07,,2010-01-12,2012-03-24 07:52:00,8.55,4.0,1558.0
DrGatsu,4700713,8,46,23,1,448,21.75,Male,,1996-07-02,,2015-06-26,2017-08-25 13:48:00,7.15,0.0,1268.0
ScreamEli,2333025,2,23,0,0,0,13.9,Male,North Carolina,1995-02-26,,2013-03-21,2013-12-14 17:06:00,8.72,0.0,835.0
Macargo95,354836,21,102,0,0,5,39.44,Male,,1994-09-08,,2010-07-13,1900-03-26 10:33:00,8.61,0.0,2379.0
CattyFish,5974800,2,97,7,7,2,25.59,Unknown,,,,2017-01-11,1900-04-19 16:39:00,7.68,0.0,1540.0
Tovka,330953,16,261,16,12,30,82.06,Female,,1990-09-09,,2010-05-20,1900-04-21 05:42:00,8.76,24.0,5056.0
AtlasOmega,5425529,43,286,26,16,172,90.99,Male,,,,2016-05-22,2018-05-15 16:05:00,7.2,34.0,5658.0
hulive1,1135037,5,40,0,0,3,20.12,Unknown,,,,2012-02-05,2014-06-25 14:34:00,9.22,0.0,1203.0
MadBunny,209655,7,89,2,0,17,41.41,Female,,1993-03-12,,2009-07-18,2014-07-24 06:52:00,9.41,0.0,2432.0
Micchi91,2750785,2,80,7,1,14,30.48,Female,"Pisa, Italy",1991-10-23,,2013-06-22,2014-06-09 08:50:00,8.49,22.0,1785.0
kol2537,316927,29,408,87,126,183,109.53,Male,,,,2010-04-15,1900-05-08 04:48:00,7.65,17.0,6484.0
mjo714,13478,5,71,8,33,2,26.56,Male,"Indianapolis, IN",1994-07-14,,2007-09-14,1900-05-16 17:47:00,8.03,10.0,1553.0
nadavpe1,97770,27,311,15,4,11,134.35,Male,israel,,,2008-09-23,1900-05-15 16:02:00,9.08,0.0,8068.0
jhereg_assassin,272284,19,126,34,7,74,54.2,Unknown,,,,2009-12-21,2017-08-06 12:52:00,8.18,6.0,3306.0
YinLamperouge,344375,4,264,4,8,122,66.8,Female,☆ Serbia ☆ ,1997-09-07,,2010-06-21,1900-04-29 13:19:00,5.66,14.0,3881.0
dark_vampire,105908,2,18,2,1,78,3.84,Female,Oregon,1994-07-16,,2008-10-17,2013-07-11 21:19:00,8.68,10.0,158.0
jfuellile,1313013,10,47,0,6,92,16.13,Female,,,,2012-05-22,1900-05-10 14:32:00,8.22,2.0,956.0
Sir_jaiden,75780,11,108,1,3,4,194.6,Unknown,,,,2008-07-11,2017-08-21 22:36:00,8.55,80.0,11628.0
voxinraleigh,22979,52,265,15,5,89,109.58,Male,"Toronto, Canada",1976-08-07,,2007-11-22,1900-05-15 00:31:00,7.68,0.0,6419.0
Yumei_Noir,245873,8,226,53,10,263,52.27,Unknown,,,,2009-10-13,1900-02-05 00:02:00,7.56,0.0,3153.0
alruqeishy,390090,88,295,53,3,126,139.02,Male,Oman - Muscat,1987-01-01,,2010-10-01,2017-06-24 07:43:00,8.46,0.0,8295.0
DonkeyDarts,7109189,9,57,4,0,32,72.54,Unknown,,,,2018-03-30,2018-05-18 05:47:06,7.86,0.0,4427.0
shougeki,62273,9,412,39,110,99,88.41,Unknown,,,,2008-05-20,1900-05-06 14:55:00,6.88,8.0,5195.0
zombiemage,167389,5,50,10,2,2,51.56,Male,"Columbus, Ohio",1989-11-21,,2009-04-06,2013-08-18 22:32:00,6.97,24.0,3030.0
Ahmad317,2886075,29,299,15,8,88,122.75,Male,"Raftel, New World, Grand Line",1994-03-03,,2013-07-17,2016-11-23 08:26:00,7.42,6.0,7469.0
Aprycot,1494613,5,105,2,0,99,18.41,Male,"Kyoto, Japan",1989-02-21,,2012-09-03,2016-09-20 19:14:00,8.41,0.0,1033.0
Volved,2074253,7,498,40,28,145,120.35,Male,"Zeist, The Netherlands",1996-11-03,,2013-01-22,2018-05-15 00:05:19,7.38,94.0,7507.0
Melanon,569673,20,103,38,16,88,36.32,Male,"Ontario, Canada",1994-10-28,,2011-09-09,2015-04-05 08:29:00,7.66,0.0,2118.0
Pocisk,5146540,6,203,9,17,121,93.41,Unknown,,,,2016-01-21,2018-05-14 07:41:00,7.36,0.0,5680.0
migra100,5242917,5,134,26,4,155,24.17,Unknown,,,,2016-03-06,2018-05-17 06:14:00,7.22,1.0,1464.0
alex273,274835,26,293,0,45,11,78.91,Male,bologna,1986-03-27,,2009-12-28,2018-05-15 22:28:31,8.22,0.0,4775.0
Ashaman,40281,28,394,62,14,30,147.53,Male,Somewhere in sweden.,1981-06-29,,2008-02-29,1900-01-25 07:34:00,7.21,62.0,8556.0
Kastel,246937,2,141,5,15,110,46.61,Female,Perhaps Hinamizawa....,1993-07-28,,2009-10-15,2015-08-15 00:27:00,8.0,22.0,2693.0
Placek89,414621,1,1839,0,0,0,357.84,Male,,1989-12-11,,2010-12-01,1900-05-12 14:43:00,7.21,0.0,22605.0
LuisaCornetet,497600,3,56,0,1,42,19.39,Female,"Rio Grande, Brazil",1991-12-26,,2011-06-11,2017-10-17 14:30:00,7.62,0.0,1163.0
mjhoward1,4010305,2,22,0,0,0,39.52,Unknown,,,,2014-08-11,2014-08-13 14:59:00,8.92,0.0,2373.0
G-ING-E,178117,12,19,5,0,4,25.23,Male,Rapture,,,2009-05-03,2010-02-02 11:18:00,7.84,0.0,1505.0
Jawaswag,5156933,1,57,2,4,1,23.54,Unknown,,,,2016-01-26,1900-04-18 05:06:00,7.8,0.0,1382.0
lunar_light,210245,1,268,0,40,51,92.02,Female,,1993-04-18,,2009-07-19,1900-05-13 13:17:00,6.96,69.0,5409.0
MrCodeRed,4470416,42,217,0,0,338,56.45,Male,,1995-10-08,,2015-02-16,2018-05-15 23:39:05,8.96,0.0,3373.0
MasterTengkorak,1030197,33,90,8,0,124,28.09,Male,Southwest USA,1996-04-10,,2011-11-29,1900-03-16 22:48:00,8.47,24.0,1649.0
mung76,5521672,7,299,8,43,74,101.76,Unknown,,,,2016-07-03,1900-05-13 21:02:00,6.35,0.0,6101.0
guenawock,1585005,68,319,40,28,80,129.69,Male,Marseille,1976-06-23,,2012-10-04,1900-05-08 17:08:00,6.75,1.0,7865.0
5t01ch0,2000792,7,55,8,0,33,10.88,Male,,,,2013-01-07,2016-04-09 03:13:00,7.88,0.0,630.0
momohyo,3340593,8,33,0,29,0,9.29,Male,"Jawa Barat, Indonesia",1999-01-28,,2013-11-16,2015-06-26 19:24:00,7.97,0.0,561.0
MoeAllNighters,4376279,64,164,16,8,81,55.73,Male,Under your bed.,,,2015-01-02,2015-11-29 11:49:00,6.8,12.0,3426.0
superdarkmario,52156,41,204,13,12,90,70.09,Male,"Rotterdam, Netherland",1994-10-24,,2008-04-13,2013-07-04 13:44:00,8.11,0.0,4184.0
Masterai,3930167,0,94,1,1,91,23.94,Unknown,,,,2014-07-15,1900-02-04 14:39:00,8.06,8.0,1440.0
ALL-WRITE,5040878,17,151,3,3,480,89.13,Male,,,,2015-12-09,2018-05-17 23:47:39,8.38,0.0,5336.0
Yojiro,615,3,680,103,1,43,170.36,Unknown,,,,2006-08-16,1900-04-12 06:40:00,6.94,0.0,9986.0
Theodoreus90,18728,9,14,1,0,36,16.3,Male,"Helsinki, Finland",1990-02-27,,2007-10-25,2011-02-09 12:38:00,8.76,0.0,972.0
strtl,186422,7,43,19,4,57,14.62,Male,UK,,,2009-05-25,1900-05-12 05:49:00,7.9,0.0,782.0
paradisetmoon,243550,3,27,2,0,10,12.99,Female,"Sweden, Stockholm",,,2009-10-07,2009-12-16 07:18:00,9.86,0.0,770.0
ferfalc,5406241,10,160,18,5,250,58.86,Male,509,2000-06-14,,2016-05-13,2018-05-17 07:41:56,7.12,0.0,3667.0
ItsukiCub,365323,39,67,10,3,19,32.64,Male,"Santa Catarina, Brasil",1993-08-10,,2010-08-04,1900-05-16 15:29:00,7.92,0.0,1982.0
lunafrost,192921,1,26,2,1,0,9.5,Female,Iowa.,1988-12-23,,2009-06-11,2013-11-11 07:59:00,7.57,0.0,545.0
liquidblueocean,5364555,2,205,2,40,67,32.36,Unknown,,,,2016-04-24,1900-05-11 21:59:00,6.32,0.0,1724.0
KaueGodoy,2539125,31,362,70,0,145,92.1,Male,Brasil/SP,1998-08-26,,2013-05-08,2018-05-15 04:04:25,7.14,4.0,5684.0
Nafets,321848,14,286,16,19,126,127.52,Male,"Nord Pas-de-Calais, France",1991-08-12,,2010-04-27,1900-04-28 11:54:00,8.14,0.0,7456.0
kagome_vero,206207,5,32,3,3,6,26.79,Female,"Chicago, Illinois",1992-09-25,,2009-07-11,2016-07-05 15:48:00,8.15,3.0,1544.0
Wludysluw,352846,1,52,1,0,1,23.99,Male,,1989-03-21,,2010-07-09,2016-04-06 08:20:00,8.37,9.0,1412.0
Razziel,57339,4,23,1,3,10,13.0,Male,Kołobrzeg,1989-04-09,,2008-05-01,2008-06-16 09:29:00,8.55,2.0,745.0
simio,73542,16,332,26,11,84,79.85,Male,,1993-04-22,,2008-07-03,2014-04-09 10:09:00,7.27,0.0,4973.0
qetou,240650,37,437,160,731,104,164.75,Unknown,,,,2009-09-30,2018-05-14 08:17:00,6.45,0.0,9865.0
Michiyou,328088,5,199,5,14,44,67.21,Female,,1995-01-18,,2010-05-13,1900-03-20 14:06:00,7.53,11.0,4027.0
Kubixx,6092488,18,84,0,2,16,83.27,Unknown,Zagreb,,,2017-03-07,1900-05-13 12:52:00,8.14,0.0,4986.0
karyuunotekken,403009,16,179,0,2,27,52.95,Male,,1994-09-03,,2010-11-01,2015-02-26 07:48:00,8.93,0.0,3204.0
KyonKun_,414688,13,209,5,20,33,106.76,Male,Santiago of Chile,1985-04-01,,2010-12-01,1900-04-21 12:36:00,6.91,41.0,6349.0
anime-jesus,65288,21,476,60,21,189,225.27,Male,lost in anime,1988-08-17,,2008-06-01,1900-05-12 23:18:00,7.93,165.0,13275.0
tangellofello,2004,7,455,18,73,16,169.22,Male,,,,2007-02-13,2017-09-11 14:34:00,7.49,0.0,10127.0
Fresh_Beanz,4479723,61,543,23,31,289,159.68,Male,,1996-11-16,,2015-02-23,1900-05-16 19:21:00,5.47,6.0,9515.0
mkdj21,4201603,26,123,10,15,8,88.59,Male,"Belém, Pará",1997-03-24,,2014-10-24,1900-04-26 13:19:00,7.83,0.0,5514.0
niedzwiadek,340347,42,225,1,3,126,51.79,Male,,1981-06-16,,2010-06-12,1900-03-18 08:50:00,7.0,1.0,3171.0
arturars,3670801,5,20,0,0,0,32.42,Unknown,,,,2014-04-01,2014-04-15 14:42:00,9.32,0.0,1963.0
elberino,451395,39,84,4,1,563,37.73,Male,"São Bernardo do Campo, São Paulo",1993-04-27,,2011-02-20,2017-06-02 22:17:00,8.83,0.0,2230.0
OptimisticMan,1713583,2,94,17,9,142,44.63,Male,"Gostyń, Wielkopolska",1997-08-14,,2012-11-01,2016-03-10 13:19:00,7.86,4.0,2644.0
tekator,3025459,46,177,47,2,1466,63.65,Unknown,,1992-01-01,,2013-08-10,1900-05-12 23:34:00,8.33,0.0,3811.0
heijidetektiv92,5841288,8,203,1,0,23,161.0,Unknown,,,,2016-11-15,2017-11-28 07:39:00,7.02,0.0,11187.0
Xcite,24457,8,39,2,5,9,22.34,Male,Israel,1988-11-13,,2007-12-02,2008-12-22 20:57:00,7.78,4.0,1291.0
mortisia,309349,30,349,9,12,27,155.72,Female,"athens, greece",1979-05-02,,2010-03-28,1900-03-30 16:45:00,7.41,5.0,9263.0
Kawaiicake14,1509671,2,30,5,1,6,21.42,Female,,1997-07-04,,2012-09-12,2014-12-12 23:55:00,8.68,0.0,1278.0
wanderer94,197040,9,531,9,0,40,236.99,Unknown,Capulet Mansion,,,2009-06-21,2016-03-15 20:17:00,8.21,25.0,14010.0
Raine_Maaka,132800,3,34,0,0,2,14.78,Female,,1994-09-13,,2009-01-09,2009-01-09 20:03:00,8.34,1.0,872.0
Ketsukos,4669393,14,263,0,0,130,186.97,Non-Binary,"Castilla y León, España",2000-04-08,,2015-06-11,1900-05-15 07:51:00,7.56,45.0,12017.0
jet2r0cks,5763,51,684,7,0,63,149.78,Female,,,,2007-06-16,1900-05-04 20:33:00,7.3,16.0,9517.0
LaurelinBauglir,160083,8,466,4,8,728,115.16,Female,"Recife, Brasil",,,2009-03-17,1900-03-31 16:25:00,7.37,14.0,7210.0
killer5264,3038521,20,217,10,9,39,118.63,Male,Seattle,1995-11-18,,2013-08-13,2015-11-08 17:54:00,7.98,3.0,7094.0
Angelah,307916,4,313,7,4,106,151.29,Female,"near Verbania, Italy",1992-10-05,,2010-03-24,1900-05-14 05:09:00,7.01,0.0,10124.0
YEAHAAAA,75949,13,379,29,50,360,84.48,Male,The Pie Palace,1930-07-19,,2008-07-12,2018-05-18 06:48:30,8.08,97.0,4985.0
em_gee_91,3329623,10,76,17,0,291,19.71,Female,"Nottingham, England",1991-11-07,,2013-11-11,2017-06-07 15:00:00,8.29,11.0,1132.0
Flerkisa,225565,15,659,0,170,0,159.94,Female,Ukraine,1991-01-02,,2009-08-25,2018-05-15 19:53:09,6.6,0.0,9929.0
arania,1358457,2,97,6,0,30,77.56,Female,"Zambrów, Poland",1994-04-03,,2012-06-22,2017-12-17 13:27:00,8.16,1.0,4638.0
RyuuNokaru,3222937,20,283,62,8,433,65.96,Male,"Asturias, Spain",1996-04-28,,2013-10-05,2018-05-17 08:12:00,6.96,10.0,4258.0
Kowai-chan,1277799,35,91,2,7,51,41.67,Female,,1991-04-08,,2012-04-28,2018-05-14 17:33:00,8.22,6.0,2518.0
netsailor,3425817,2,267,2,26,15,87.6,Unknown,,,,2013-12-22,2017-07-29 03:35:00,7.67,9.0,5187.0
taaksuu,400594,4,546,5,6,26,214.38,Female,"Outokumpu, Finland",1993-10-04,,2010-10-26,1900-05-16 15:21:00,8.24,218.0,12692.0
NekoMeansCat,6480889,9,108,1,15,45,27.91,Male,,1999-07-14,,2017-08-13,2018-05-18 04:48:43,6.4,0.0,1669.0
HikiganeYubi,75352,43,275,76,4,352,101.91,Female,Siusha's Tavern,,,2008-07-10,2011-07-10 09:52:00,7.97,6.0,6066.0
mxc,6729,5,144,12,10,27,55.04,Male,,,,2007-07-02,1900-04-15 13:41:00,7.42,6.0,3230.0
Kalaman,61169,12,178,2,13,9,150.08,Male,"Málaga, España",1987-04-25,,2008-05-17,1900-03-29 00:46:00,6.17,63.0,8803.0
kisaa7,259304,82,307,4,0,2,155.73,Female,,,,2009-11-16,2017-03-24 11:46:00,7.96,0.0,9237.0
Hikikomori2001,119270,1,328,7,37,0,110.63,Male,under some bricks,1982-01-01,,2008-11-30,2017-10-10 09:26:00,7.61,0.0,6517.0
Hotrian,66248,2,89,12,0,197,36.99,Unknown,,,,2008-06-05,2017-08-12 14:36:00,6.65,13.0,2117.0
lucentmemories,649627,17,71,12,16,117,22.48,Female,,1996-02-26,,2011-09-26,1900-05-11 16:35:00,7.38,0.0,1296.0
SmalltinyOrange,47543,23,349,15,21,53,156.63,Female,Singapore,1992-07-27,,2008-04-03,1900-05-03 05:52:00,7.17,19.0,10204.0
Dyl-Money,4221615,11,75,9,0,356,20.36,Male,Kent,1998-08-14,,2014-11-01,2018-05-17 04:10:00,8.14,2.0,1185.0
Eggman9000,1272207,4,197,10,2,165,43.36,Male,California,1996-04-23,,2012-04-25,2018-05-17 04:43:30,8.27,5.0,2710.0
Rhythm-Wily,8265,4,84,19,3,8,38.12,Female,Skull Fortress,1983-09-06,,2007-07-23,2009-05-25 19:45:00,7.87,0.0,2246.0
ShoujoSweets,4034831,10,96,16,13,68,67.28,Female,"San Fernando City, L.U., Philippines",1994-12-14,,2014-08-20,1900-05-12 01:15:00,7.64,0.0,4079.0
Motip,6055288,8,228,6,4,141,96.16,Male,,1996-09-21,,2017-02-17,1900-05-14 12:08:00,7.76,0.0,5709.0
ranka_lee_34,405763,14,365,2,0,116,175.07,Unknown,,,,2010-11-08,1900-05-16 23:35:00,7.91,0.0,10418.0
Toleedo,47617,9,78,12,3,7,35.44,Male,WI,1984-04-10,,2008-04-03,2013-06-27 12:52:00,7.94,0.0,2058.0
FallenArcana,307226,4,120,9,15,3,49.93,Female,Belfast,1991-08-28,,2010-03-22,1900-04-18 09:37:00,8.5,71.0,2903.0
Kashiwagi,50832,6,190,29,18,1,53.63,Female,Moscow,1988-10-28,,2008-04-10,2016-02-13 11:52:00,6.89,0.0,3133.0
Chiyeung,66715,6,19,0,1,3,7.18,Male,"New York City, NY",1992-01-15,,2008-06-07,2017-02-05 23:05:00,9.43,0.0,420.0
SoulEvansXMaka,450031,9,23,1,0,0,12.44,Female,,,,2011-02-17,2012-10-07 11:07:00,8.42,15.0,724.0
IDex,236653,16,532,85,69,79,121.31,Male,Finland,1994-01-19,,2009-09-20,1900-04-27 03:17:00,7.18,18.0,7683.0
Gold023,5101375,6,188,24,24,193,129.09,Male,"Alicante, España",1999-10-23,,2016-01-04,1900-05-14 12:54:00,6.09,2.0,8646.0
UlforceVeedramon,5835669,5,123,22,5,68,96.63,Male,,2000-01-26,,2016-11-13,2018-05-15 16:53:14,7.08,0.0,5765.0
darkfiresly,5455190,33,50,2,0,53,18.26,Unknown,,,,2016-06-05,1900-02-01 15:51:00,8.2,1.0,1094.0
yoshiBgold,1538897,10,269,0,3,134,125.74,Male,,1994-03-06,,2012-09-24,1900-01-23 21:27:00,8.42,0.0,7416.0
Foxfell,4264779,6,383,0,0,44,56.69,Female,Valhalla,,,2014-11-19,1900-03-19 13:17:00,6.72,0.0,3711.0
Herutsu,89075,7,66,9,7,5,44.94,Female,Minnesota,1991-03-25,,2008-08-25,2016-06-05 10:22:00,8.18,39.0,2581.0
UnknownTitanGuy,5835518,32,72,20,9,127,51.22,Male,,,,2016-11-13,1900-05-10 20:06:00,6.86,2.0,3065.0
YoshinoSakura,1778969,24,123,27,11,193,25.03,Female,,1997-03-25,,2012-11-16,1900-02-11 10:39:00,8.1,0.0,1480.0
Otaku_Josh,1117757,3,32,1,0,0,24.22,Male,"HELL,CALIFORNIA",1992-05-07,,2012-01-24,2013-03-12 14:14:00,7.5,0.0,1455.0
landlock,63274,53,4196,68,0,0,624.16,Unknown,,,,2008-05-24,2018-05-18 09:49:15,6.46,4.0,41857.0
Italybabegirl,1444027,9,107,11,16,93,41.03,Female,Milan,1997-06-12,,2012-08-07,2016-04-29 20:56:00,7.7,4.0,3296.0
sasori_,2286807,3,136,5,4,79,69.07,Male,,1995-08-25,,2013-03-10,1900-01-23 16:53:00,7.83,12.0,4103.0
Ralff_Arcanis,61859,5,73,11,16,10,32.87,Male,Brazil,,,2008-05-19,2012-09-25 06:20:00,7.77,0.0,1999.0
potataun,5949740,17,58,0,8,52,25.59,Unknown,,,,2017-01-03,1900-05-12 23:08:00,7.63,0.0,1554.0
Sheldinho,5099987,2,248,0,0,92,82.96,Male,,1999-07-07,,2016-01-03,2018-05-18 11:49:19,7.9,2.0,5072.0
Inkcrow,424300,11,77,6,0,57,73.73,Male,"Manchester, UK",1990-08-01,,2010-12-25,2015-10-02 00:36:00,7.67,14.0,4342.0
Dzina,74531,13,80,1,2,70,44.14,Female,,1992-09-23,,2008-07-07,2015-09-05 09:33:00,8.78,0.0,2717.0
Ivan494,131712,11,172,10,0,528,47.48,Unknown,,,,2009-01-06,1900-05-09 02:12:00,6.96,0.0,2873.0
DaliTR,4109313,5,115,14,19,41,69.69,Female,You don't want to know,1930-01-01,,2014-09-19,2016-04-24 03:26:00,7.82,0.0,2376.0
JumaX9,33138,4,170,9,21,22,93.0,Male,Kokiri Forest,1991-01-01,,2008-01-23,1900-04-25 13:24:00,7.24,0.0,6291.0
yamahl,1124045,49,171,8,8,34,79.21,Male,"amsterdam, Netherlands",1997-06-22,,2012-01-29,2016-03-07 14:21:00,8.81,26.0,4679.0
LittleStar,93860,53,1834,16,54,476,309.1,Female,Poland,,,2008-09-11,2018-05-14 19:58:53,7.62,53.0,20993.0
MadisonMae23,5784513,6,50,12,4,46,27.84,Female,"Johnstown, Colorado",1998-06-05,,2016-10-20,1900-05-15 11:03:00,8.31,33.0,1768.0
Rose_Hip_M14,130518,21,47,14,2,475,13.37,Female,chicago,1994-04-14,,2009-01-03,2013-09-13 06:03:00,8.07,0.0,831.0
Bazn,6299444,20,155,0,0,167,32.14,Unknown,,,,2017-06-06,2018-05-15 04:33:45,7.59,0.0,2054.0
SakuraKitsune,3826639,2,23,15,3,18,7.08,Female,nowhere,1989-09-28,,2014-06-06,2016-11-16 08:10:00,8.18,0.0,407.0
AuthenticZac,2380,0,216,4,5,174,130.94,Male,"Charlotte, North Carolina",1988-02-18,,2007-03-15,1900-05-13 07:03:00,8.04,0.0,7682.0
Angeluso,3715195,34,215,4,17,157,75.14,Male,Belgium,1992-05-05,,2014-04-19,2018-05-18 01:49:24,8.52,14.0,4510.0
remaster,61999,32,949,14,118,9,175.38,Unknown,,,,2008-05-19,1900-05-12 12:03:00,8.53,3.0,11342.0
Alyacat28,2619969,13,418,10,0,290,75.93,Female,"Oslo, Norway",,,2013-05-25,2018-05-17 04:18:00,7.0,10.0,4755.0
andrewb1996,5734807,2,55,2,1,3,38.5,Male,Scotland,1996-01-24,,2016-09-30,1900-02-26 02:13:00,8.44,0.0,2315.0
Grummel,7925,9,406,3,17,1,121.15,Unknown,,,,2007-07-19,2017-07-28 10:59:00,8.06,4.0,7181.0
snuzziemagic,23389,5,55,4,7,10,25.81,Female,,,,2007-11-25,2008-10-15 16:57:00,7.79,0.0,1519.0
MikuraKazuma,2528691,11,11,0,0,1,8.45,Male,"Brisbane, Australia",1995-04-02,,2013-05-05,2013-05-17 15:44:00,8.36,4.0,520.0
crazybela,217138,72,86,35,0,42,44.53,Female,Brazil,1989-10-05,,2009-08-06,2014-09-25 14:45:00,7.63,0.0,2657.0
Somie,424214,14,36,2,1,194,10.74,Female,Ohio,1992-09-15,,2010-12-24,1900-05-12 00:02:00,7.67,0.0,656.0
juliets-romeo,74105,20,7,2,0,31,61.78,Male,were ever i am. im searching for my juliet,1993-12-29,,2008-07-05,2011-09-08 15:08:00,8.71,72.0,3766.0
aceketchup,7030789,2,33,22,12,32,31.08,Unknown,,,,2018-03-04,1900-05-04 01:29:00,8.76,2.0,1866.0
PinkOuji,1784003,24,336,87,43,354,108.53,Female,Pekopon,1998-12-23,,2012-11-18,2018-05-13 13:52:00,7.31,30.0,6820.0
PrincessZero,4334399,8,135,23,13,98,44.24,Female,Guess what?,2001-01-27,,2014-12-19,1900-02-18 03:37:00,5.07,5.0,2615.0
aibike-chan,33635,4,125,0,0,176,35.9,Female,"Eskişehir, TURKEY",1991-02-07,,2008-01-26,2013-03-21 12:57:00,8.61,0.0,2102.0
Shadow_Kitten,284860,2,62,1,0,140,18.99,Female,South Australia,1991-02-07,,2010-01-19,2014-04-16 09:45:00,9.08,0.0,1181.0
Mono-no-aware,16707,37,1474,9,270,191,296.42,Female,Denmark,1983-01-08,,2007-10-11,2018-05-15 21:15:23,6.22,35.0,18067.0
Io_Otonashi,3303323,18,417,2,42,43,112.02,Unknown,,,,,,,,
zykafire,4780735,12,55,2,5,20,17.34,Female,,1998-02-22,,2015-07-30,1900-02-24 13:10:00,7.45,0.0,1036.0
aznd3ath,96301,9,34,3,2,35,17.21,Unknown,,1993-02-05,,2008-09-19,2009-09-05 00:18:00,8.64,4.0,1026.0
sundown911,3484009,33,244,7,10,16,82.85,Male,"West Wodonga, Victoria, Australia",1995-08-06,,2014-01-12,2017-09-30 18:52:00,5.85,2.0,5212.0
Gaw_Ha_Leccee,82541,3,165,1,0,95,57.75,Unknown,,,,2008-08-03,2011-08-23 13:25:00,8.57,37.0,3300.0
Darkangeloftokyo,98627,1,32,12,0,0,11.98,Female,Cape Breton,1987-10-06,,2008-09-26,2009-01-02 20:33:00,8.9,8.0,666.0
Cyanra,4473660,6,113,2,0,14,88.35,Unknown,,,,2015-02-19,2017-08-23 04:51:00,8.6,74.0,5217.0
sd5,191490,3,26,1,6,2,28.59,Unknown,,,,2009-06-08,2009-11-24 14:28:00,6.47,0.0,1719.0
Nicoleta,236743,0,45,3,2,1,21.16,Unknown,,,,2009-09-20,2016-11-12 10:53:00,7.53,36.0,1145.0
Inassin,878557,18,125,9,11,84,30.49,Female,Netherlands,,,2011-11-04,2012-08-16 05:49:00,7.14,1.0,1867.0
VectorWaves,3531453,16,857,3,0,42,289.62,Male,Holy Britannia Empire,,,2014-01-29,1900-05-13 07:47:00,6.1,0.0,18373.0
Deeep-Sea,320341,11,380,54,143,406,169.24,Unknown,,,,2010-04-23,1900-05-13 17:03:00,6.04,2.0,10091.0
Stealingthesun,5282094,5,33,6,0,105,9.94,Female,USA,,,2016-03-23,1900-04-14 12:10:00,9.09,0.0,593.0
XRaz0r2000,3976645,32,613,57,26,155,720.36,Male,"Karmøy, Rogaland",1995-11-08,,2014-07-30,1900-05-16 16:36:00,7.34,379.0,43469.0
Tommeow,6776928,11,56,29,19,45,23.84,Male,"Spring, Texas",2000-02-20,,2017-12-01,2018-05-16 18:17:21,6.54,20.0,1494.0
punkss,15378,8,259,13,2,38,83.44,Male,"San Salvador, El Salvador",1983-12-16,,2007-09-29,2014-10-27 09:56:00,7.96,1.0,4988.0
Ginamed,3571323,6,119,0,1,216,39.74,Male,,,,2014-02-12,2017-04-03 17:41:00,9.5,14.0,2380.0
Silechon,106855,29,426,47,1,53,146.77,Male,Why would you want to know stalker?,,,2008-10-20,2015-02-25 12:44:00,8.28,2.0,8622.0
1FR1T,4587400,19,337,0,0,2,100.14,Male,,1996-05-18,,2015-04-29,2016-02-26 01:03:00,8.02,153.0,6224.0
needalist,1576807,0,849,42,121,61,241.2,Male,,1993-02-21,,2012-10-02,1900-05-09 07:35:00,6.8,0.0,14108.0
sekai_sshi,383074,15,206,60,52,90,47.11,Female,"???, Poland",,,2010-09-14,2018-05-18 11:17:10,7.7,8.0,2844.0
gaishan,3894979,10,460,69,12,212,92.44,Female,,,,2014-07-04,1900-05-13 19:39:00,7.88,0.0,5614.0
alcapowned8592,463569,8,743,12,0,198,165.65,Male,"California, USA",1992-08-05,,2011-03-20,1900-04-29 06:13:00,7.97,0.0,9888.0
kimsohyunismygf,4307017,5,92,8,7,66,16.01,Male,"Haarlem, The Netherlands",1997-06-14,,2014-12-08,1900-05-09 13:15:00,6.44,2.0,1114.0
Curry0308,5149794,2,103,2,2,38,16.79,Female,,,,2016-01-23,2017-03-30 05:25:00,7.66,0.0,1103.0
Neyr,316737,17,66,5,3,49,41.73,Female,Untraceable,1990-12-14,,2010-04-14,1900-03-21 17:34:00,8.82,3.0,2370.0
Moneeq,11171,1,64,20,18,12,34.69,Female,Lithuania,1992-10-23,,2007-08-25,2017-10-22 22:48:00,6.73,7.0,2074.0
imperius,97334,0,418,6,91,10,160.55,Male,"Pittsburgh, PA",1987-07-12,,2008-09-22,2017-11-11 19:42:00,5.85,0.0,9536.0
djinn_690,62170,4,118,0,8,48,54.45,Male,"Ottawa, Canada",1989-05-21,,2008-05-20,1900-01-28 20:26:00,7.45,0.0,3179.0
Cienyaa,441005,3,600,19,62,0,140.16,Unknown,"Melbourne, Victoria",,,2011-01-27,1900-04-25 09:23:00,7.34,1.0,8844.0
dollarand15cents,515445,51,269,4,6,62,73.88,Female,"moses lake, wa",1989-12-03,,2011-07-16,1900-04-14 08:02:00,7.88,0.0,4557.0
kajunbowser,118590,22,397,6,2,87,125.96,Male,"Laurel, Maryland",1988-03-26,,2008-11-28,2017-07-30 12:09:00,8.17,117.0,7925.0
KillerCLbee,185994,7,150,13,19,139,50.13,Unknown,Sweden,,,2009-05-24,1900-05-16 10:41:00,7.12,15.0,2926.0
swanheart666,162870,7,27,5,3,112,8.21,Female,"Lublin, Poland",,,2009-03-25,2011-08-03 01:15:00,7.03,0.0,479.0
Kamina-Q8,42202,5,17,0,0,3,20.93,Male,Kuwait ,1989-06-04,,2008-03-10,2008-12-31 20:10:00,8.76,0.0,1260.0
KakiArisu,1412083,2,39,0,0,0,9.6,Female,Cracow,1998-04-07,,2012-07-22,2012-09-02 07:39:00,8.55,0.0,554.0
Moose,13000,4,483,8,51,3,121.8,Male,,,,2007-09-10,1900-04-22 01:37:00,7.15,1.0,7236.0
Shiroharu,4923315,29,186,18,2,70,84.84,Female,,1995-12-25,,2015-10-08,2017-04-07 08:51:00,7.32,39.0,5197.0
Bancray,3535805,25,47,0,0,52,19.96,Male,,1996-01-01,,2014-01-30,2014-04-16 05:57:00,7.62,0.0,1205.0
Lezard_,464510,5,724,0,8,3,195.49,Male,Asgard,,,2011-03-22,1900-04-24 21:12:00,7.38,0.0,11655.0
HyogaGordo,1308617,10,170,4,7,31,41.51,Male,"Sergipe, Brasil",1997-01-06,,2012-05-19,1900-05-06 17:02:00,8.52,3.0,2495.0
Montios,6482187,31,77,5,20,51,39.27,Male,United States,,,2017-08-14,2018-05-17 13:04:00,5.16,0.0,2422.0
almightychloe,260305,6,119,5,3,13,30.69,Female,Russia,,,2009-11-19,2016-05-28 02:48:00,8.55,0.0,1925.0
Nightwister,252726,40,239,19,13,148,73.93,Female,Lituania- Kaipeda,1990-10-21,,2009-10-30,1900-05-15 02:35:00,8.31,0.0,4369.0
Kipcha,146479,18,1351,11,1,113,296.28,Female,146,,,2009-02-04,1900-05-13 18:27:00,6.24,31.0,18104.0
Kappaka,37543,5,300,20,62,142,89.23,Female,Japan,1992-08-28,,2008-02-15,1900-03-06 09:27:00,6.64,43.0,5508.0
Spacez,794333,14,73,33,9,75,16.27,Unknown,,,,2011-10-22,1900-05-06 05:49:00,8.7,0.0,906.0
manny22,30041,21,225,22,83,19,100.29,Male,"Birmingham, Alabama",1983-05-28,,2008-01-06,2017-09-08 08:26:00,7.48,10.0,5982.0
Anguro,1880292,1,93,2,0,11,25.31,Male,"Derby, UK",1995-08-22,,2012-12-10,1900-02-20 13:15:00,7.86,0.0,1450.0
AnyElric,504091,15,696,17,31,114,145.01,Female,"México, México",1996-08-30,,2011-06-26,2018-05-15 05:54:18,6.94,4.0,8834.0
Yunaladylesca,33961,0,56,2,4,0,24.5,Female,,1991-11-10,,2008-01-27,2017-08-02 13:21:00,8.19,0.0,1419.0
dragonologest,346843,5,27,0,4,27,35.93,Female,,,,2010-06-26,2012-11-23 10:57:00,8.69,15.0,2132.0
mahri,503396,2,18,3,1,3,27.07,Female,,1991-01-10,,2011-06-25,2011-06-25 10:49:00,8.48,0.0,1658.0
Shyllios,1974246,16,145,6,2,40,95.0,Male,"Uberlândia, Brazil",1992-11-19,,2013-01-01,2018-05-18 00:50:47,7.86,0.0,5776.0
63a70,177187,14,304,3,1,17,79.71,Unknown,Russia,,,2009-04-30,2015-06-25 16:33:00,7.12,9.0,4767.0
Lioka,1960218,5,218,0,0,28,84.92,Male,"Nantes, France",1996-05-31,,2012-12-28,1900-01-23 15:19:00,9.13,5.0,4936.0
eilis,231775,2,177,3,14,84,95.46,Female,Bielsko-Biala,1992-10-13,,2009-09-08,2016-07-06 13:48:00,6.56,0.0,5835.0
wantboost,33350,10,69,18,37,8,42.06,Male,"atlanta, Ga",,,2008-01-24,2008-09-10 16:04:00,5.83,27.0,2397.0
Siliane89,32413,7,341,63,7,40,101.61,Male,"Liverpool, England",1989-08-25,,2008-01-19,2018-05-15 22:10:00,7.56,32.0,5892.0
Kuroi-sama,325631,9,333,6,14,35,57.39,Male,"Moscow, Russia",1995-10-10,,2010-05-07,2018-05-14 08:37:00,7.14,7.0,3975.0
tsubasaR01,2812735,3,200,35,11,103,104.93,Female,,2001-05-26,,2013-07-03,2017-12-28 18:35:00,6.93,1.0,6362.0
starclaws,27324,66,442,0,0,0,110.99,Male,United States,1985-12-31,,2007-12-22,2018-05-14 10:44:42,5.16,0.0,6428.0
ShadoOw,87991,17,175,4,0,56,81.01,Male,Germany,1993-03-14,,2008-08-21,2010-01-04 12:59:00,7.2,2.0,4796.0
soccerscot15,48442,30,2189,0,0,57,493.01,Male,Aqua,1992-05-14,,2008-04-05,1900-02-16 22:42:00,6.53,0.0,30884.0
Martyrium,217934,12,34,4,8,40,18.68,Male,New England,,,2009-08-07,2014-10-06 23:41:00,7.6,14.0,1325.0
silk_91,3182181,1,30,4,2,15,21.55,Unknown,,,,2013-09-22,2017-05-11 21:00:00,7.4,0.0,1301.0
SlyFox92,4745166,12,436,16,13,182,80.92,Male,"York, Pennsylvania",1992-02-23,,2015-07-15,2018-05-15 01:12:15,6.63,21.0,5141.0
PsionicGen,428249,2,315,5,9,34,109.41,Unknown,,,,2011-01-02,2016-04-30 11:30:00,7.86,8.0,6528.0
sailormoonrocks,43261,7,123,6,1,29,62.45,Female, Indiana,1993-07-13,,2008-03-15,1900-04-28 21:25:00,8.94,33.0,3673.0
cabbit-chan,17511,5,197,81,7,74,69.97,Female,United Kingdom,1989-03-29,,2007-10-17,1900-04-26 00:00:00,6.92,84.0,4358.0
amihart,1484569,3,62,4,1,16,15.84,Unknown,,,,2012-08-29,1900-02-06 14:25:00,8.09,0.0,921.0
Mango5954,277048,2,41,0,9,21,13.31,Female,In Your Attic,,,2010-01-02,2015-03-27 17:44:00,8.14,0.0,758.0
BRC,214364,16,334,21,1,78,75.05,Female,Gensokyo,1990-12-05,,2009-07-30,1900-03-09 20:21:00,7.54,72.0,4830.0
Myraedia,896031,26,288,15,22,154,92.92,Female,France,1997-06-14,,2011-11-07,1900-05-14 10:19:00,7.08,0.0,5578.0
r_i_k_o,407189,2,197,51,3,4,73.89,Female,"Poland, Wrocław",1988-12-19,,2010-11-12,1900-05-12 11:34:00,7.57,14.0,4306.0
himekarin,395279,6,25,0,0,10,15.1,Unknown,,,,2010-10-12,2012-04-19 18:44:00,9.27,0.0,917.0
Dyhart,12339,6,41,5,2,3,5.6,Male,Pennsylvania,,,2007-09-05,2016-03-05 18:55:00,8.57,3.0,311.0
CeJIDb,900713,1,254,3,8,53,103.45,Male,"St. Petersburg, Russia",1995-07-30,,2011-11-08,1900-05-02 10:47:00,7.87,0.0,6162.0
-Shimizu-,2046463,15,89,37,10,119,41.78,Female,Brazil,,,2013-01-16,2016-05-11 16:44:00,7.96,1.0,2581.0
jenothefox,388665,6,211,5,0,10,84.56,Unknown,,,,2010-09-27,2017-09-30 05:46:00,7.79,0.0,4913.0
ANBU_Jackie,5940924,0,131,4,10,3,56.67,Unknown,,,,2016-12-31,1900-02-19 22:18:00,8.5,0.0,3326.0
Bakanosamurai,177154,10,98,5,2,2,46.45,Male,,1992-09-23,,2009-04-30,2013-09-29 09:49:00,8.46,0.0,2848.0
_Fenrir,5545368,12,310,19,5,3,94.12,Unknown,,,,2016-07-12,2018-05-18 04:51:24,6.83,0.0,5744.0
Jumii,136365,11,94,3,9,90,37.86,Female,"Moscow,Russia",1989-05-14,,2009-01-18,2011-04-26 15:02:00,7.4,20.0,2325.0
AndrewFuchi,6745208,25,169,6,0,240,55.06,Male,"Iasi, Romania",1993-12-28,,2017-11-19,2018-05-16 08:02:23,8.93,0.0,3328.0
ignominy15,3789805,1,337,2,1,68,77.1,Male,"Baguio City, Philippines",1993-02-20,,2014-05-21,1900-02-27 17:36:00,8.15,21.0,4410.0
Emi102,147488,10,114,1,1,61,50.73,Female,Chillaxin somewhere,,,2009-02-07,2016-04-19 19:01:00,8.53,5.0,2984.0
RiskyBusiness,121481,0,44,4,1,33,23.32,Male,London,1992-01-25,,2008-12-07,2011-05-14 12:50:00,8.39,0.0,1387.0
HeilPalazzo,236580,42,266,42,20,1,98.88,Unknown,,,,2009-09-20,1900-03-20 11:51:00,8.05,0.0,7017.0
Mythicism,3045127,16,342,12,65,138,132.94,Male,cc5ee5fa4e9de2743d9ebe9715a77cc1,1990-11-17,,2013-08-14,2018-05-17 12:55:00,8.08,0.0,7959.0
morningblue,74211,4,318,56,63,13,101.34,Male,"Philadelphia, PA",1984-03-29,,2008-07-05,2016-10-15 02:20:00,5.67,43.0,5994.0
mattyskier,3667941,1,38,2,5,0,19.8,Unknown,,,,2014-03-30,2017-12-03 00:26:00,8.24,0.0,1171.0
RisaOtani,412939,9,32,0,11,1,15.05,Female,これは！,,,2010-11-27,2012-08-09 22:33:00,7.76,4.0,903.0
kaomix,80206,10,89,0,4,3,35.97,Unknown,,,,2008-07-27,2009-03-22 14:21:00,7.94,0.0,2168.0
dante_90,42712,1,575,0,0,29,370.85,Male,Eternal,1992-10-19,,2008-03-13,1900-04-19 04:45:00,8.7,586.0,22084.0
seedfactor,62045,13,69,8,12,2,31.4,Female,,1992-02-28,,2008-05-20,2008-12-12 21:17:00,7.58,0.0,1867.0
Wollmuetze,16224,48,770,16,0,17,262.21,Male,,1980-02-29,,2007-10-07,1900-01-07 01:20:00,7.49,0.0,15586.0
NearL,432660,8,194,33,1,228,61.31,Male,"sweden, uppsala",1993-10-26,,2011-01-10,2012-08-07 15:36:00,7.85,4.0,3623.0
Griff993,4528175,4,41,1,0,10,9.01,Male,"Archangelsk, Russia",1993-06-14,,2015-03-30,2017-01-04 09:42:00,8.03,0.0,471.0
Stelgim,24611,182,345,55,15,92,171.27,Male,Norway,,,2007-12-03,1900-02-16 17:35:00,8.16,49.0,10380.0
AnimeDummy,1996108,8,175,0,0,2,147.02,Male,Wales,,,2013-01-06,2017-06-30 12:54:00,8.0,7.0,8761.0
P3terPan7,6053762,8,32,3,4,126,4.97,Unknown,,,,2017-02-16,1900-05-01 18:41:00,8.1,0.0,224.0
HARuHi_89,76511,5,136,0,2,16,59.02,Female,Kraków,1989-08-30,,2008-07-14,2011-12-24 05:27:00,7.79,0.0,3636.0
Danila,59508,7,319,20,18,38,99.46,Female,"Budapest, Hungary",1991-07-04,,2008-05-10,1900-03-25 14:32:00,7.18,0.0,6068.0
megamisan,107386,35,819,22,37,57,194.52,Unknown,,,,2008-10-22,2018-05-15 08:43:37,7.35,1.0,11888.0
ShoCku,525523,1,33,1,2,27,9.52,Male,Soul Society,1994-04-25,,2011-07-26,2017-10-31 03:44:00,9.06,0.0,576.0
icyyyyy,152221,6,156,20,86,291,30.28,Unknown,Canada,2013-01-01,,2009-02-21,1900-05-13 19:35:00,6.57,3.0,2227.0
Mitheel,3799,36,173,6,5,6,82.22,Male,"Bay City, Michigan",1986-06-24,,2007-04-30,1900-02-24 19:05:00,7.87,1.0,4825.0
carlos_felo,432605,9,69,3,0,66,15.26,Male,"Puente Alto, SCL",1991-04-12,,2011-01-09,2016-05-03 14:42:00,8.86,0.0,982.0
Akanesouzou,1180239,6,119,192,42,270,48.35,Female,"Birmingham, USA",,,2012-03-03,2015-06-21 04:58:00,7.98,0.0,2864.0
PervertedBeast,589887,5,33,2,6,0,29.31,Female,lingerie section of Walmart,2001-09-11,,2011-09-15,2011-09-19 15:22:00,7.41,0.0,1746.0
SuJu-M,1070993,56,117,3,4,105,80.12,Female,MAL>Edit profile>My Details>Location,,,2011-12-23,2017-06-21 01:03:00,9.09,29.0,4731.0
Beowulf-,238073,6,35,4,4,5,35.32,Male,O_O Watching your every movement.....hehehe ,1994-06-07,,2009-09-23,2017-07-08 20:17:00,7.33,0.0,2103.0
nefryda,1631135,5,205,16,25,25,62.47,Female,Poland,1992-10-10,,2012-10-13,1900-05-12 09:10:00,8.22,0.0,3816.0
ducknyan,335537,6,179,0,0,28,48.92,Male,,1992-08-04,,2010-05-31,1900-01-03 17:43:00,6.38,5.0,2943.0
Fuzen,406279,11,548,20,224,261,166.01,Male,France,1994-07-05,,2010-11-10,2018-05-15 02:37:00,4.74,20.0,10416.0
EvedooPL,2807203,1,265,5,2,319,55.24,Male,Poland,1996-06-19,,2013-07-02,1900-05-09 08:54:00,8.89,0.0,3393.0
corruptcore,504298,3,23,0,0,0,8.99,Male,Malaysia,1992-04-01,,2011-06-27,2011-08-23 17:24:00,8.12,0.0,540.0
tonytran417,3483639,7,800,1,15,2,214.21,Unknown,,,,2014-01-12,2018-05-18 02:52:04,7.77,20.0,12787.0
UltmShinobi,1551679,8,129,51,18,263,56.54,Male,"Pessac, France",1996-01-19,,2012-09-27,2018-05-16 08:18:00,7.63,5.0,3384.0
Li_Edo,719277,21,703,14,11,440,159.6,Male,"Stavropol, Mihailovsk",1992-06-10,,2011-10-09,1900-05-02 04:00:00,7.39,49.0,9765.0
Eiennoousama,305780,59,489,53,112,310,106.7,Male,Århus,1986-12-23,,2010-03-18,1900-05-16 02:46:00,6.34,0.0,6011.0
shoyebrc131,7089327,3,24,1,0,148,5.47,Unknown,,,,2018-03-25,1900-05-11 06:49:00,7.74,0.0,279.0
mikasaaa,2047989,31,85,9,5,71,24.64,Female,montevideo,1995-04-13,,2013-01-16,2013-10-26 07:13:00,8.37,1.0,1464.0
Noontide,40797,7,182,2,1,16,49.42,Male,Scotland,1990-05-23,,2008-03-03,2018-05-17 05:34:00,6.49,5.0,2878.0
emperorkuzco,1145221,6,106,15,18,355,54.52,Female,,,,2012-02-12,1900-02-21 11:22:00,6.48,0.0,3263.0
Chumiki,531443,3,124,45,32,107,32.33,Female,"SC, Brazil",1994-08-05,,2011-08-01,2017-08-04 06:08:00,7.62,1.0,1986.0
rasg,211754,4,764,8,2,2,219.62,Male,,1981-03-06,,2009-07-22,1900-05-14 00:47:00,7.66,4.0,13492.0
HitachiinsToy,280630,7,102,15,5,36,25.81,Female,"Montréal, Canada",1995-11-09,,2010-01-09,2014-09-21 19:54:00,8.23,0.0,1537.0
LookBehindYou,1270003,24,52,2,1,19,48.12,Female,,1998-03-19,,2012-04-24,2017-08-01 05:49:00,8.44,8.0,2874.0
Dragolance,3752507,5,83,6,0,17,37.76,Male,uruguay del paraguay,1990-01-05,,2014-05-04,1900-03-12 17:53:00,7.41,0.0,2221.0
Bluewhale99,4243707,6,43,1,0,59,20.09,Male,"Bergen , Norway",1995-10-09,,2014-11-10,1900-04-18 21:39:00,8.0,0.0,1177.0
5za,225342,93,130,1,10,427,53.53,Female,"khobar, saudi arabia",1990-10-13,,2009-08-24,2016-07-20 23:36:00,7.58,0.0,3162.0
sheken,928977,29,614,123,70,365,177.69,Male,"Argentina, Mendoza",,,2011-11-11,1900-02-03 12:04:00,7.72,0.0,10693.0
MadVlad,552645,1,364,13,20,3,89.5,Male,Russian Federation,1993-11-09,,2011-08-22,2016-02-28 10:53:00,7.26,7.0,5223.0
Revenant_Wings,84736,13,54,6,5,28,40.1,Female,Michigan,1992-12-07,,2008-08-10,2012-01-31 23:18:00,8.25,3.0,2357.0
darkli0n,3480735,67,452,30,3,91,105.92,Unknown,,,,2014-01-11,1900-05-11 22:47:00,7.88,0.0,6354.0
RwadaMan,4816792,29,198,6,2,2,148.87,Male,Junto a Kaido,1997-07-12,,2015-08-16,2018-05-17 13:24:00,7.73,0.0,10048.0
Jomagus,4378627,8,155,13,0,13,29.38,Unknown,,,,2015-01-03,1900-04-04 15:29:00,7.33,1.0,1967.0
SuzukiMichiyo,117614,20,13,0,1,34,6.68,Female,"Seattle, Washington",1994-07-30,,2008-11-25,2014-02-06 17:14:00,9.72,0.0,454.0
ChaosXen,465530,14,356,0,6,192,102.92,Female,"Penang, Malaysia",1991-08-04,,2011-03-25,2017-08-20 07:09:00,7.71,0.0,6185.0
Lastalia,284872,35,97,15,6,36,60.96,Male,"Everywhere, Anytime",,,2010-01-19,2016-10-12 18:00:00,8.61,7.0,3668.0
Kawai_DeMoN,292197,6,96,11,0,63,43.63,Female,,,,2010-02-08,2013-11-04 12:31:00,8.89,28.0,2660.0
Valantic,4043649,3,59,0,0,4,24.91,Unknown,,,,2014-08-23,2016-05-03 15:51:00,8.57,0.0,1483.0
MrFreakMen,112219,10,597,1,8,990,159.01,Male,"Netherlands, The Hague",1988-04-22,,2008-11-07,1900-04-28 14:55:00,6.94,0.0,9375.0
Zomgdood,152607,5,21,1,7,19,25.58,Male,Anime World x.x,1992-04-11,,2009-02-22,2016-10-12 13:08:00,7.1,4.0,1554.0
Bakaotakugirl,887261,7,93,2,0,5,38.59,Female,"São Paulo, Brasil",1996-12-28,,2011-11-05,2015-02-14 16:14:00,9.54,7.0,2275.0
Nagamasa,233011,12,204,26,20,22,52.07,Male,,1990-07-24,,2009-09-11,1900-03-25 22:04:00,8.46,1.0,3118.0
LuanZ,1062659,3,384,41,0,36,207.48,Male,"Joinville, Santa Catarina",1992-04-30,,2011-12-17,1900-04-14 14:03:00,7.3,20.0,12291.0
UnltdBldWrx,387421,27,568,20,11,190,212.4,Male,texas,1985-10-07,,2010-09-24,1900-05-16 19:48:00,7.92,54.0,12482.0
zero124,341206,32,107,0,0,0,61.67,Male,"Christhurch, New Zealand",1991-11-16,,2010-06-14,2016-01-13 15:43:00,7.82,4.0,3667.0
Akajiko,5214371,8,170,2,23,68,51.8,Male,993,2000-02-23,,2016-02-21,2018-05-13 08:20:00,7.88,0.0,3125.0
chaostails,446070,7,153,33,11,74,102.63,Male,,1991-08-30,,2011-02-07,2016-03-02 00:13:00,7.76,0.0,6423.0
ripperhf,1633981,2,51,0,1,122,34.86,Male,Lebanon,1997-11-21,,2012-10-14,2014-09-28 10:19:00,8.23,2.0,2046.0
OtakuFreak08,543661,3,213,0,0,96,88.06,Unknown,,,,2011-08-13,1900-05-16 10:35:00,8.81,0.0,5333.0
mctoonces,102157,42,252,84,16,134,89.54,Female,"Augusta, GA",1980-04-04,,2008-10-05,2016-09-28 22:29:00,8.45,15.0,5210.0
TopSP,1807333,20,201,16,9,121,44.02,Male,"Bangkok, Thailand",,,2012-11-24,1900-04-24 07:07:00,7.59,23.0,2567.0
arya194,262902,17,196,0,5,42,128.38,Female,Greece ,1994-02-15,,2009-11-26,2017-09-01 16:55:00,8.13,9.0,7677.0
koneko202,404532,27,112,0,7,5,38.76,Female,Florida,,,2010-11-05,2017-08-27 19:03:00,8.57,4.0,2302.0
cloud12817,3759857,27,135,23,19,128,53.84,Male,Spain,,,2014-05-07,1900-05-10 11:17:00,7.26,0.0,3296.0
Canas,393222,2,250,2,1,0,88.8,Female,USA,,,2010-10-08,2018-05-15 08:39:50,6.22,0.0,5158.0
Anime_addicted,63732,18,652,0,57,8,215.81,Female,"Doha, Qatar",1988-01-26,,2008-05-26,2017-08-22 07:22:00,7.68,76.0,12809.0
Teckniu,47608,36,166,0,0,7,58.43,Male,"Belo Horizonte, Minas Gerais",1983-07-04,,2008-04-03,2011-01-04 15:18:00,9.45,13.0,3434.0
Kurumster,71441,41,1342,0,206,0,367.42,Male,Louisiana,1988-01-01,,2008-06-25,2018-05-18 03:53:11,6.43,3.0,23009.0
Diana,10792,5,727,59,20,60,184.72,Female,Massachusetts,,,2007-08-20,2013-04-30 09:20:00,5.92,0.0,10784.0
Dunois,2261769,106,255,1,0,272,95.87,Male,,,,2013-03-04,1900-05-10 13:24:00,6.73,7.0,7291.0
Szope,206618,7,47,2,3,21,38.36,Unknown,Berlin,1990-07-21,,2009-07-12,2017-06-25 04:39:00,7.58,0.0,2265.0
Savana,1375653,1,77,1,3,70,27.62,Female,,1997-07-20,,2012-07-02,1900-01-30 19:21:00,7.0,0.0,1618.0
Annise,57832,22,279,0,4,63,60.49,Female,Greece,1988-06-24,,2008-05-03,2017-02-26 13:46:00,7.38,0.0,3635.0
Tenumi,42874,7,260,16,63,124,95.6,Unknown,West Michigan,1990-08-24,,2008-03-13,2018-05-14 05:06:00,7.02,5.0,5899.0
zakiarent,6670420,40,452,18,26,178,117.65,Male,,,,2017-10-26,2018-05-18 08:53:17,4.94,40.0,8021.0
Pippyh,5614971,19,220,0,0,40,57.31,Female,Britain ,,,2016-08-10,2018-05-18 11:08:22,6.14,0.0,3935.0
Fumie-san,92852,5,146,34,5,33,40.11,Female,"Copiapo, Chile",1990-08-24,,2008-09-07,1900-04-27 22:49:00,6.35,1.0,2481.0
DeadEnd,244476,6,110,5,3,14,74.01,Male,Far Far away,1982-11-15,,2009-10-09,2010-01-10 17:36:00,8.96,0.0,4365.0
Diurandal,3128819,15,186,19,3,36,67.95,Male,,1994-05-10,,2013-09-08,2018-05-13 05:19:00,7.5,22.0,4110.0
Shavari,2830557,0,25,5,0,23,15.36,Male,"Vienna, Austria",1994-10-01,,2013-07-07,2017-09-19 12:32:00,7.59,0.0,923.0
pazkie,1439735,3,85,1,14,77,45.88,Unknown,,,,2012-08-05,2017-09-09 10:28:00,6.78,0.0,2700.0
EagleBlaze,105464,3,51,19,16,219,23.81,Female,On my PC,,,2008-10-16,1900-05-13 20:02:00,7.31,19.0,1383.0
aomon,672999,3,25,4,2,10,7.22,Male,São Paulo,1996-09-29,,2011-09-30,2013-01-20 13:56:00,8.44,0.0,433.0
QTKaze,466297,6,302,0,40,0,150.25,Unknown,,,,2011-03-27,2013-10-21 08:38:00,7.42,29.0,8836.0
Pixywing7,3502705,8,594,48,25,26,115.02,Male,Canada ,1994-01-01,,2014-01-19,2017-11-12 13:48:00,4.94,13.0,7284.0
norby-kun,483877,23,622,25,27,131,208.04,Male,Transylvania,1995-03-12,,2011-05-07,1900-05-12 13:08:00,8.29,16.0,12487.0
Zpektre,2295541,3,56,0,1,2,16.6,Male,Hinamizawa,1993-01-21,,2013-03-12,2013-06-29 16:04:00,7.17,4.0,994.0
Nagato198,172561,88,405,0,3,23,126.77,Female,UK,,,2009-04-19,2018-05-14 18:14:00,9.01,5.0,7657.0
0PRESS0R,4483396,7,37,6,5,80,43.0,Male,"Guarapuava,Paraná",2001-06-05,,2015-02-26,2016-11-09 15:42:00,7.49,1.0,2592.0
TheAoiTori,1627605,36,379,2,28,30,88.0,Male,THE DATABASE,,,2012-10-12,1900-01-04 13:46:00,6.27,0.0,5468.0
Sprint747,3406749,3,260,2,0,0,56.58,Male,,1930-01-01,,2013-12-14,2018-05-18 01:53:35,7.19,0.0,3477.0
ScornTheSunlight,2219379,4,153,18,5,55,67.44,Male,,1995-07-31,,2013-02-23,2018-05-16 15:10:35,7.94,0.0,4036.0
kyouma,486356,8,120,4,1,28,19.92,Unknown,Brasil,1991-11-01,,2011-05-13,2013-05-21 18:19:00,9.39,0.0,1249.0
cgcgcg,517613,0,122,1,10,21,33.67,Male,,1988-01-01,,2011-07-18,1900-03-09 13:07:00,8.07,0.0,1889.0
kllr,6102545,1,54,1,4,6,19.15,Male,9,,,2017-03-12,1900-05-12 21:53:00,8.22,0.0,1097.0
Adalana,220963,11,92,9,4,18,29.64,Female,"Kumagaya, Japan",1979-10-21,,2009-08-14,2015-09-08 19:06:00,7.78,2.0,1698.0
yunofag,298332,47,400,38,64,118,108.85,Unknown,"Russia, Archangelsk",,,2010-02-24,2016-05-30 12:40:00,8.48,23.0,6720.0
Daxtremesora,347296,18,80,24,1,31,83.91,Male,New York,1993-03-03,,2010-06-27,2015-02-16 15:37:00,8.1,0.0,5051.0
LilyMocca,365901,9,15,0,0,9,8.4,Female,"Depok, Jawa Barat",1996-02-02,,2010-08-05,2014-06-04 05:14:00,9.39,0.0,581.0
BLACK1189,6688908,2,220,2,0,4,67.4,Male,"india, kerala",1993-05-27,,2017-10-29,1900-04-22 10:04:00,6.71,0.0,3998.0
baekanunot,5933774,10,156,0,19,29,49.67,Unknown,,,,2016-12-28,1900-05-13 14:02:00,6.61,3.0,2924.0
somethingasddw,3640455,2,65,3,14,6,26.44,Male,,,,2014-03-18,2015-07-26 03:00:00,7.19,0.0,1582.0
animesoup,41438,5,65,12,15,31,24.87,Male,"Douglassville, Pennsylvania",,,2008-03-06,2012-10-31 11:15:00,7.71,0.0,1445.0
Whytechyck,502228,8,66,11,8,7,31.88,Female,Mississippi,1990-10-10,,2011-06-22,2017-08-30 22:49:00,7.96,5.0,1922.0
Gogeta_Animeka,43536,52,1441,1,0,44,462.16,Male,Alleur,1980-11-11,,2008-03-17,2011-06-21 07:50:00,7.92,0.0,27198.0
PsyKo_NoKtis,231774,5,208,19,26,110,97.56,Male,"Lisbon, Portugal",1990-05-17,,2009-09-08,2016-04-23 07:07:00,7.64,0.0,6696.0
Idaa,43620,5,35,5,1,39,16.35,Female,,1993-05-07,,2008-03-17,2010-06-05 15:56:00,8.18,0.0,973.0
XrZerd,6556433,25,48,6,1,381,22.25,Male,"Americana, São Paulo",2003-12-10,,2017-09-14,2018-05-18 02:54:00,8.55,2.0,1364.0
pablozz,6066982,5,56,2,3,29,17.39,Male,Fortaleza-Ce,2000-07-23,,2017-02-23,1900-04-22 20:43:00,6.28,0.0,1053.0
Shole,3581943,174,187,0,4,266,95.47,Male,Fantashi Land,1993-01-06,,2014-02-17,1900-05-09 10:26:00,7.24,2.0,5770.0
Darakena,743665,5,51,8,10,7,21.13,Female,"Lexington, KY",1993-09-10,,2011-10-13,2015-07-07 11:33:00,7.41,10.0,1263.0
TheBiOne,6512825,17,141,24,31,186,52.14,Female,Netherlands,1997-07-24,,2017-08-27,1900-05-15 02:12:00,7.05,0.0,3155.0
apsea05,3891931,4,16,7,3,0,18.39,Female,,1991-04-05,,2014-07-03,2014-12-07 01:30:00,9.26,0.0,1117.0
Aki_Uchiha,5498976,16,403,1,2,175,89.81,Female,,,,2016-06-24,2018-05-17 10:34:00,9.16,0.0,5535.0
Ulalume,302028,3,57,2,0,46,6.99,Female,,,,2010-03-06,2013-11-16 21:43:00,8.29,0.0,348.0
SajayenM,3338909,9,331,7,27,60,117.07,Male,Durban,1998-01-03,,2013-11-15,1900-05-10 15:38:00,8.13,2.0,6899.0
maksvg-irk,468191,6,245,4,6,14,46.43,Male,"Russia, Irkutsk",1986-07-12,,2011-03-31,2017-08-08 06:52:00,7.77,0.0,2879.0
Gone3456,370510,4,92,2,0,2,68.56,Unknown,,,,2010-08-16,2016-05-06 08:33:00,8.23,39.0,4049.0
fragileone22,6266370,7,70,11,3,150,15.35,Female,"Houston, Texas",2000-12-22,,2017-05-22,2018-05-16 08:40:39,8.4,7.0,929.0
dzero,424410,5,356,1,3,287,124.66,Male,,1995-08-09,,2010-12-25,1900-04-26 10:55:00,7.82,2.0,7303.0
DeadlyEmbrace,1032071,24,646,7,25,833,110.03,Male,,1986-03-26,,2011-11-30,2018-05-17 12:53:00,8.06,0.0,7112.0
CaelestisAngel,1461113,4,15,5,0,1,3.88,Female,Georgia,,,2012-08-16,2012-12-04 08:36:00,8.75,0.0,247.0
Fillsson,1971506,17,381,37,44,48,180.19,Male,"Stockholm, Sweden",,,2012-12-31,2017-08-17 15:57:00,7.42,56.0,10641.0
jaymiechan,80727,2,116,29,24,15,37.34,Female,,1984-03-08,,2008-07-28,2014-07-21 16:45:00,6.19,9.0,2048.0
robotninjajew,6082021,1,24,0,0,1,12.18,Unknown,,,,2017-03-02,2017-03-19 22:24:00,7.83,0.0,731.0
blaqkpupil,1010679,6,94,30,38,72,48.06,Female,Texas,,,2011-11-24,2017-01-24 17:33:00,7.46,17.0,2828.0
AneMon1,158246,6,151,2,2,3,47.7,Female,,1991-04-30,,2009-03-11,2010-01-24 21:58:00,6.93,0.0,2778.0
Pyrlaster,15995,41,168,32,2,51,57.61,Male,Finland,1988-12-26,,2007-10-05,2014-11-09 14:02:00,7.59,19.0,3448.0
max15wm,321200,19,227,2,7,39,67.03,Male,Barcelona,1991-03-22,,2010-04-26,2012-03-08 13:09:00,7.87,0.0,3927.0
jukebone,25384,6,396,8,123,113,93.76,Male,,,,2007-12-09,1900-04-22 03:14:00,7.54,11.0,5608.0
asdasdasadsdad,1358319,3,131,0,0,1,36.34,Unknown,,,,2012-06-22,2017-11-12 20:33:00,5.96,0.0,2226.0
izukadaisuke,5520450,7,24,1,2,8,8.76,Unknown,,,,2016-07-02,2016-10-13 12:52:00,7.82,0.0,523.0
kedisiva,2402967,38,195,8,1,93,45.09,Female,"Ankara, Turkey",,,2013-04-07,2017-08-09 05:31:00,7.65,7.0,2889.0
Feyris,400005,2,418,11,6,21,155.86,Female,In Your Pocket,1991-11-06,,2010-10-24,2013-03-31 17:02:00,8.0,0.0,9876.0
TheDollPrincess,35139,13,192,4,1,3,94.65,Female,Germany,1992-07-21,,2008-02-02,2016-12-31 23:06:00,8.05,24.0,5653.0
TrafalgarM,3002255,5,49,5,10,42,28.0,Female,,1994-01-12,,2013-08-06,2014-03-16 20:15:00,8.61,0.0,1660.0
haru-nyaa,253043,4,296,15,8,90,84.95,Female,beneath the sky,,,2009-10-31,1900-05-03 06:49:00,7.2,19.0,5399.0
Niamor,122290,4,602,6,14,138,212.08,Male,Animu Land,,,2008-12-10,1900-05-12 09:17:00,8.32,0.0,12864.0
MichaelPsycho,5572799,13,256,8,34,5,86.69,Male,"Salvador - Bahia, Brasil",2001-09-07,,2016-07-23,2018-05-18 00:54:42,6.53,12.0,5140.0
SenNen,279435,6,146,4,7,117,87.4,Female,"San Francisco, CA",1992-05-02,,2010-01-06,2017-04-10 22:08:00,8.15,6.0,5300.0
Sweetkairi,262294,15,55,48,0,306,27.28,Female,New York City,,,2009-11-24,1900-04-14 19:15:00,7.84,2.0,1608.0
Elegant-_-,6607016,8,35,5,1,45,22.51,Male,,,,2017-10-04,1900-05-05 07:03:00,8.06,1.0,1416.0
rockisch,4879546,7,198,7,12,42,70.86,Male,"Florianópolis, Brazil",1990-09-25,,2015-09-16,1900-05-15 18:53:00,7.15,7.0,4195.0
Limbos,3116293,2,84,0,1,54,26.32,Male,"Buenos Aires, Argentina",1988-07-26,,2013-09-02,2017-04-24 10:51:00,7.85,23.0,1476.0
Annacyrie,1937382,2,51,8,21,66,19.68,Female,,1994-01-03,,2012-12-23,2016-11-22 03:56:00,8.8,7.0,1182.0
fenrir72,1420301,10,745,1,14,5,118.72,Male,,1993-05-06,,2012-07-26,2015-09-15 19:16:00,8.0,0.0,7161.0
Asta66,5665785,28,313,52,5,62,173.85,Female,,,,2016-09-01,2018-05-16 23:59:41,8.27,114.0,10523.0
ValeCrimson,187584,3,108,8,0,49,136.56,Unknown,,,,2009-05-28,2013-09-13 06:11:00,7.77,155.0,8159.0
lubryka,133002,3,1086,15,165,19,226.24,Female,Poland,1983-01-01,,2009-01-09,2018-05-15 22:13:57,6.49,101.0,14936.0
-Dementhia-,425692,21,119,0,20,45,35.26,Female,,1993-09-18,,2010-12-28,2017-12-04 06:15:00,7.76,0.0,2070.0
kuchiki_kun,4540464,17,71,0,2,19,25.55,Male,"Minot, North Dakota",1997-07-02,,2015-04-05,1900-05-11 10:48:00,8.84,0.0,1519.0
sweetangela26,102305,69,158,4,0,228,53.2,Unknown,,,,2008-10-06,2017-12-11 07:12:00,7.61,0.0,3209.0
coleschmidt,327264,3,59,2,10,8,19.42,Male,"BC, Canada",,,2010-05-10,2017-01-02 15:51:00,8.11,0.0,1129.0
BeanChagBear,3690941,5,212,8,0,74,44.16,Male,Kentucky,,,2014-04-09,2018-05-15 23:52:26,7.22,6.0,2782.0
Onizuka91,376529,0,28,0,0,1,22.83,Unknown,,,,2010-08-29,2014-06-19 09:11:00,7.79,0.0,1374.0
Azarkia,1491445,12,331,78,34,103,88.47,Female,,,,2012-09-02,2018-05-18 05:55:06,7.85,0.0,5271.0
Birua,186589,1,459,2,21,27,137.04,Male,"Kiev, Ukraine",1976-01-07,,2009-05-26,1900-04-30 07:41:00,7.84,1.0,8208.0
Shinokaze,1227535,6,403,0,0,21,94.88,Male,Gostyń,1993-08-11,,2012-04-02,2014-10-19 13:12:00,8.53,6.0,5836.0
amina,13801,6,109,54,32,127,158.95,Female,,1985-07-28,,2007-09-16,2016-05-14 03:34:00,6.0,61.0,12945.0
ToboeTheWolf,248020,11,59,12,1,101,21.76,Female,Canada,,,2009-10-18,2011-07-27 21:34:00,7.31,2.0,1318.0
Genjiff,157334,9,408,9,0,1,115.81,Male,"Salvador, Brazil",1990-09-16,,2009-03-08,1900-05-09 20:08:00,7.51,2.0,6976.0
CuhrayzeeTrigger,3355437,9,83,26,8,148,45.7,Male,Massachusetts,1998-04-10,,2013-11-22,1900-05-03 17:11:00,7.46,4.0,2802.0
Maegil,1997466,2,417,0,5,59,117.92,Male,On a sailboat,1973-01-01,,2013-01-06,2016-03-09 21:34:00,5.91,0.0,7055.0
NewtypeNate,105218,33,120,7,15,103,62.13,Male,U.K,,,2008-10-15,1900-05-08 17:59:00,7.79,9.0,3500.0
IntroverTurtle,403117,24,1930,117,0,488,813.6,Male,Washington,1991-12-15,,2010-11-01,2016-06-24 12:41:00,6.58,507.0,50165.0
Comic_Sans,3666059,8,745,20,0,591,98.58,Female,Land of Välfärd,2019-11-09,,2014-03-30,2018-05-16 01:28:34,4.75,7.0,6468.0
RLU1223,33982,3,19,0,0,0,8.02,Male,Connecticut,1989-12-23,,2008-01-27,2013-05-10 17:36:00,8.75,0.0,459.0
cooksta05,244839,2,45,0,0,98,16.74,Male,UK,1988-11-27,,2009-10-10,2017-10-01 03:32:00,9.96,0.0,987.0
subarusum,152029,2,142,5,6,9,39.24,Male,"Spain, España",,,2009-02-20,2013-04-08 10:07:00,8.26,0.0,2238.0
Half-Jack,59647,15,36,7,3,130,10.96,Female,Netherlands,1991-11-24,,2008-05-11,2012-03-28 02:55:00,7.74,8.0,680.0
planetwarrior,33738,4,761,6,0,5,180.92,Male,"Toronto, Ontario, Canada",1989-04-15,,2008-01-26,2018-05-17 09:33:00,8.34,0.0,10735.0
riuuzaki,107905,15,274,50,9,652,148.57,Male,,1991-12-12,,2008-10-24,1900-05-07 14:43:00,7.08,17.0,8820.0
powerscody,260845,10,80,0,0,16,56.39,Male,mesa AZ,1994-06-25,,2009-11-20,2012-02-24 22:41:00,9.52,1.0,3349.0
Joe1991,23799,2,47,3,10,13,14.76,Male,"Tokyo, Japan",1991-01-19,,2007-11-27,2016-05-28 08:20:00,7.9,0.0,843.0
Usa-chan,144952,1,71,1,7,4,27.95,Female,Argentina,1994-08-29,,2009-01-31,2017-12-05 04:13:00,7.34,6.0,1679.0
MystoPigz,5893957,4,86,3,9,197,29.49,Unknown,,,,2016-12-11,2018-05-13 07:47:00,7.88,0.0,1724.0
leynnnn,344666,33,192,29,0,134,55.75,Male,mato,,,2010-06-21,1900-02-01 01:43:00,8.04,0.0,3316.0
BigEdgarP,149910,3,239,35,0,44,46.47,Male,Ohio,1989-05-30,,2009-02-14,2017-10-10 11:47:00,7.72,3.0,3251.0
Lublimilim,349025,17,170,15,8,512,43.04,Female,,1995-03-27,,2010-07-01,1900-05-14 10:27:00,8.7,8.0,2632.0
Beneko11,4959056,36,616,0,5,132,139.6,Unknown,,,,2015-10-27,2017-10-22 10:48:00,8.28,116.0,8367.0
clalala,424949,3,104,1,0,19,21.22,Female,Canada,1993-03-29,,2010-12-26,2016-03-16 19:46:00,8.23,0.0,1278.0
Cannabis21,5778456,39,69,13,7,89,1103.07,Unknown,,1995-01-21,,2016-10-18,1900-05-13 14:52:00,7.27,0.0,109114.0
garvas,286973,12,418,16,18,66,187.61,Male,,1990-05-24,,2010-01-25,1900-02-16 09:09:00,7.17,0.0,12355.0
shukuhai,208297,11,163,2,1,0,72.48,Male,Fighting in Dungeon,1996-04-16,,2009-07-15,2015-10-03 14:29:00,8.49,2.0,4337.0
Hatsukoi,355241,3,66,2,3,11,20.69,Unknown,,1997-07-29,,2010-07-14,2017-01-01 09:10:00,7.6,0.0,1227.0
FlashPie,194169,32,125,25,15,52,47.52,Male,"Portland, Oregon",,,2009-06-14,1900-04-23 22:50:00,7.73,7.0,2825.0
huyyy,53182,6,330,33,38,88,161.28,Male,australia,1992-07-31,,2008-04-15,2013-12-10 03:10:00,9.76,75.0,9567.0
_Yuuko,23183,4,461,6,7,24,104.0,Female,"Poland, Śląskie, Będzin",1988-07-03,,2007-11-23,1900-05-08 11:45:00,7.07,0.0,6576.0
corotta,212243,1,23,0,6,0,135.36,Male,,1992-10-26,,2009-07-24,1900-02-15 02:35:00,7.31,36.0,8237.0
xXShioXx,753997,25,608,3,3,40,220.49,Unknown,Canada,,,2011-10-15,2018-05-15 15:31:00,7.71,1.0,14361.0
felix10381,5694568,22,113,2,6,46,50.39,Male,Canada,1994-11-18,,2016-09-13,1900-05-13 10:16:00,7.58,0.0,3083.0
RicardoTornado,4542764,15,37,4,1,8,21.54,Male,Brasil,1998-09-17,,2015-04-06,2015-04-28 12:25:00,8.0,0.0,1262.0
_Kariwka_,25531,3,162,0,6,24,41.03,Female,Riga.Latvia.,1992-02-15,,2007-12-10,2011-02-27 07:53:00,7.55,0.0,2436.0
Der_ZwerG,136349,45,341,48,26,155,98.03,Male,Russia,1991-01-31,,2009-01-18,2011-09-14 15:29:00,8.62,2.0,6217.0
ObsessedFangirl,4806035,7,150,2,2,0,46.17,Unknown,,,,2015-08-11,1900-01-20 12:20:00,6.65,0.0,2889.0
Genesiss,53582,1,131,7,28,1,49.07,Male,Oldenburg (Germany),1985-09-03,,2008-04-16,2013-11-10 23:18:00,8.3,0.0,2917.0
alexlucibello,6716515,0,73,0,0,0,14.77,Male,,,,2017-11-05,2017-11-05 19:39:00,8.56,0.0,863.0
lockie,300381,12,89,0,1,187,25.33,Male,"Russia, Dubna",1989-01-15,,2010-03-02,1900-03-20 05:20:00,8.35,19.0,1437.0
IchiTenshou,188319,38,1215,7,0,21,362.07,Male,,,,2009-05-30,2017-05-22 15:36:00,7.8,4.0,22495.0
shadow666wolf,46056,7,30,0,0,12,11.8,Male,"edmonton, alberta",1990-02-23,,2008-03-27,2009-10-30 21:32:00,9.09,8.0,668.0
GtHoo,522163,3,134,17,6,36,74.19,Unknown,,,,2011-07-23,1900-04-20 02:21:00,8.06,0.0,4523.0
Legenda,187409,3,122,0,21,14,44.02,Unknown,"Kursk, Russian",1990-08-21,,2009-05-28,2016-05-01 11:49:00,7.69,1.0,2639.0
MarineFury,498662,15,278,6,7,63,86.93,Male,,,,2011-06-14,2017-10-28 01:36:00,7.91,4.0,5273.0
Lawlliet,3512,1,508,0,4,6,253.31,Male,Maldives,1991-03-21,,2007-04-23,2017-09-26 01:37:00,6.95,95.0,16225.0
Zer0beast,451725,44,78,8,5,39,61.35,Male,"Sterling, Va",,,2011-02-21,1900-04-02 14:41:00,7.99,0.0,3692.0
peabrane,345109,25,157,5,104,36,71.37,Female,Canada,1987-01-01,,2010-06-22,1900-05-04 23:04:00,6.92,0.0,4307.0
kprime,4505507,33,43,0,13,122,3.02,Female,,,,2015-03-17,2017-02-28 18:47:00,5.86,0.0,183.0
FRVN,5692219,13,373,0,0,0,114.31,Male,Spain,1994-02-26,,2016-09-12,2018-05-15 22:55:10,7.14,0.0,6846.0
tonina1981,243381,54,542,45,6,391,140.22,Female,,1981-08-17,,2009-10-06,1900-05-09 19:01:00,8.1,6.0,8511.0
DNS,4903593,13,197,14,1,111,77.86,Male,,,,2015-09-28,1900-05-07 10:38:00,10.0,8.0,4607.0
MVR0drigues,6346872,18,145,3,42,149,95.51,Male,"Brazil, Recife-PE",2001-11-10,,2017-06-26,1900-05-15 17:32:00,7.15,23.0,5763.0
guran_ikaruga,1397285,46,527,30,3,17,266.38,Male,,,,2012-07-14,2016-01-17 03:30:00,8.89,55.0,15974.0
Lidwyne,61865,22,411,7,21,413,57.58,Female,France,1992-05-15,,2008-05-19,1900-05-15 02:51:00,7.6,0.0,3930.0
elricjoseph,397291,3,362,28,10,30,117.94,Male,"Manila, Philippines",,,2010-10-18,2015-04-06 14:20:00,7.98,0.0,6909.0
PMorgan18,435202,11,132,0,2,42,43.71,Male,,1991-09-18,,2011-01-14,2016-08-26 05:55:00,8.21,0.0,2702.0
Shojobz,5837343,9,64,0,2,64,22.49,Unknown,,,,2016-11-14,1900-04-26 02:57:00,8.12,0.0,1293.0
ShiDeNoir,2526441,44,129,41,6,250,60.34,Female,,1998-01-01,,2013-05-05,2018-05-15 17:17:02,7.66,3.0,3728.0
Kaeru_D-Pat,262865,30,586,3,2,68,207.84,Male,"Poznań,Poland",1993-10-05,,2009-11-26,2016-07-16 14:55:00,8.11,88.0,12494.0
hiroBR,5131135,25,234,7,20,75,148.4,Male,brasil,2001-08-20,,2016-01-15,2018-05-18 01:56:24,6.7,42.0,8866.0
carbanjo,1161469,3,378,1,3,14,69.74,Male,galicia,1987-01-01,,2012-02-22,1900-04-30 09:46:00,6.58,2.0,4317.0
YORERU,287184,6,272,5,11,76,75.71,Female,,1989-05-25,,2010-01-25,1900-05-13 15:35:00,6.92,5.0,4472.0
Amaliana,200527,11,157,16,3,76,70.57,Female,K.S.A,,,2009-06-29,2017-08-17 03:13:00,8.11,0.0,4086.0
JoshuMakku,5458285,14,333,17,0,304,36.52,Male,-- .- -. -.-. .... . ... - . .-.,1999-08-09,,2016-06-06,1900-01-17 01:45:00,6.37,10.0,2633.0
hellblaster,118575,16,180,13,7,53,110.3,Male,,,,2008-11-28,1900-05-06 12:17:00,7.15,20.0,6540.0
Jonh-Stay,4862498,5,138,9,8,132,75.76,Male,"Minas Geráis,Brasil",2002-10-25,,2015-09-07,1900-04-29 09:03:00,7.51,26.0,4491.0
WRYYYY,2411,12,283,17,345,6,104.33,Unknown,Lower Lorraine,,,2007-03-17,2014-07-08 12:06:00,6.37,8.0,6248.0
Yandere_Pizza,6632403,1,22,7,2,18,15.28,Unknown,,,,2017-10-14,2018-05-15 02:27:04,7.97,0.0,945.0
NijiiroSakana,146139,26,896,83,90,508,176.39,Female,Baja California,1993-11-27,,2009-02-03,2018-05-18 04:56:36,7.21,43.0,11240.0
JunHijiri,249401,5,164,31,1,190,71.39,Male,"Germany, East Northrhine Westphalia",1986-03-20,,2009-10-21,2013-12-10 00:07:00,8.12,0.0,4222.0
9258,127680,19,48,6,13,15,13.72,Unknown,,,,2008-12-27,2011-11-01 09:39:00,6.37,0.0,819.0
Refia,67911,4,409,36,0,48,255.34,Unknown,,,,2008-06-12,1900-05-11 19:29:00,7.71,5.0,15405.0
Utakan,210806,15,131,6,7,28,62.52,Female,"Belleville, Illinios",1990-07-12,,2009-07-20,2012-08-20 14:40:00,7.87,2.0,3633.0
Panasiux2,400978,5,84,0,0,4,26.89,Unknown,,,,2010-10-27,2011-03-26 08:24:00,8.52,0.0,1593.0
seathe,4094079,1,20,0,0,4,18.75,Unknown,,,,2014-09-13,2014-09-15 22:30:00,9.52,40.0,950.0
Teri-dono,212223,45,515,21,0,71,146.82,Female,Sekai,,,2009-07-24,2018-05-17 03:12:00,7.44,19.0,8711.0
_madlax_,21492,0,150,19,0,14,75.33,Male,Philippines,1985-06-02,,2007-11-12,2015-04-02 16:20:00,8.09,2.0,4547.0
hurried,5548940,47,371,131,55,148,165.99,Male,France,1997-09-05,,2016-07-13,1900-05-14 12:42:00,7.04,46.0,9908.0
SrCazeaje,4056363,3,177,0,20,353,59.5,Unknown,,,,2014-08-28,1900-04-18 15:02:00,8.1,15.0,3614.0
Heisuke,245475,19,60,6,0,1,18.74,Unknown,,,,2009-10-12,2010-04-13 02:38:00,7.07,0.0,1134.0
JeT2686,319103,5,58,0,1,26,42.78,Male,"Queens, NYC",1986-02-06,,2010-04-20,2017-01-09 20:48:00,9.28,0.0,2544.0
Madu_Scientisto,1268759,7,518,2,98,36,149.78,Male,,1993-05-22,,2012-04-23,1900-04-28 14:49:00,6.07,25.0,8902.0
Danix,1101891,13,89,0,2,26,42.72,Male,Italy,1993-12-07,,2012-01-13,1900-04-25 09:42:00,7.79,0.0,2534.0
melissamango21,2695327,37,207,33,68,32,133.81,Female,,1997-06-20,,2013-06-10,1900-04-21 09:03:00,8.41,2.0,8020.0
AbstractZealot93,2361897,13,67,5,17,95,42.22,Male,Mum on this,1993-09-27,,2013-03-28,2017-06-20 16:29:00,7.23,0.0,2489.0
katieshmatie,832125,3,99,12,27,81,51.01,Female,"Ontario, Canada",,,2011-10-28,2017-07-17 19:51:00,7.75,4.0,3068.0
Tipsyrools,267935,115,334,16,2,52,167.85,Male,"Phoenix, Arizona",1994-05-20,,2009-12-09,1900-02-01 18:01:00,8.07,0.0,9984.0
xDVxNightfire,436830,6,58,0,3,33,18.59,Male,Colorado,1989-12-02,,2011-01-18,2017-09-22 22:29:00,7.55,5.0,1099.0
Say_943,201996,97,690,166,18,190,113.61,Female,"Tijuana ,Baja California",1994-06-09,,2009-07-02,1900-01-15 02:10:00,7.13,0.0,7480.0
Yoshidayama,188334,39,260,26,112,97,84.28,Male,"Caxias do Sul, Rio Grande do Sul",1989-04-05,,2009-05-30,2018-05-15 02:21:19,7.28,25.0,5211.0
Hanasano,6848456,9,65,0,0,46,25.51,Unknown,,2001-05-10,,2018-01-01,1900-05-11 11:14:00,8.26,0.0,1744.0
Melissathekaiki,91889,17,284,7,13,131,116.13,Female,Between time and space,1991-12-10,,2008-09-04,1900-05-14 08:19:00,8.09,8.0,6928.0
Croannick,87475,23,119,10,4,5,41.28,Unknown,,,,2008-08-19,2014-12-09 18:32:00,8.59,4.0,2454.0
Kaori_Uchiha,295787,11,37,0,1,18,24.38,Female,,,,2010-02-17,2010-06-25 10:37:00,9.0,0.0,1444.0
lycria,40293,8,22,0,3,1,15.03,Female,Amersfoort,1990-08-24,,2008-02-29,2009-03-13 06:29:00,7.93,0.0,900.0
AyakaShota,439692,18,365,8,3,0,133.51,Female,,1987-09-25,,2011-01-24,1900-04-29 10:29:00,7.33,6.0,7904.0
fuhiki,142236,8,43,19,3,102,16.95,Female,,,,2009-01-23,2012-04-15 19:30:00,8.09,0.0,1025.0
HaruMashiro,1040385,3,177,23,3,207,90.51,Male,"Galicia, Spain",1994-05-07,,2011-12-04,1900-04-26 03:30:00,7.78,0.0,5372.0
Sharpness,5750043,8,18,0,0,3,34.38,Male,Earth,1999-11-15,,2016-10-06,2017-06-06 01:21:00,8.38,0.0,2083.0
Yagami-,7632,4,28,12,16,5,20.48,Male,,,,2007-07-16,2009-12-04 03:36:00,7.52,0.0,1231.0
Gremshula,6398,9,166,16,15,38,49.04,Female,"Sudbury, ON, Canada",1985-02-09,,2007-06-27,1900-05-11 15:32:00,7.44,8.0,2959.0
crazyspinz,371472,26,1581,75,0,718,223.5,Male,K.....,1992-10-12,,2010-08-18,1900-05-06 01:22:00,7.36,0.0,12981.0
Kinggek,37799,3,474,5,6,3,176.71,Male,AUX,1990-03-07,,2008-02-16,2017-04-28 10:52:00,8.24,0.0,10531.0
Seiji_S,95907,34,101,20,2,69,70.64,Male,"Rochester, England",,,2008-09-18,2016-04-11 15:39:00,8.08,48.0,4155.0
ZathChaos,74838,14,123,35,18,22,78.64,Male,"England, UK",1989-02-01,,2008-07-08,2017-02-13 06:19:00,8.29,2.0,4723.0
Hela,136367,9,136,7,1,19,48.59,Female,"Konin, Poland",1930-07-18,,2009-01-18,2015-06-25 14:51:00,7.1,0.0,2931.0
Ventro,89305,129,1308,2,0,88,442.98,Male,,1992-03-17,,2008-08-26,2013-02-25 09:04:00,7.03,0.0,27399.0
KimiCake,136131,15,28,3,0,52,10.8,Female,,,,2009-01-17,1900-05-04 00:08:00,9.94,0.0,635.0
helliop,1300017,4,327,46,3,75,147.39,Male,,,,2012-05-13,2018-05-18 11:30:37,8.12,20.0,8815.0
Sakuraishi,343953,132,314,4,10,295,110.14,Female,,,,2010-06-20,1900-05-13 17:21:00,7.47,0.0,6622.0
Hulio,4189503,25,707,7,14,184,203.36,Unknown,,,,2014-10-19,2018-05-14 06:52:16,6.47,189.0,12120.0
i3i,278086,29,230,21,68,22,56.96,Female,,,,2010-01-03,2014-09-21 04:25:00,7.09,19.0,3433.0
HitoriNikki,122585,6,13,2,0,2,21.87,Female,,1992-06-11,,2008-12-11,2009-08-23 12:18:00,7.95,39.0,1306.0
Toastyy,3116707,5,203,10,16,39,75.75,Male,GERMANY!,1993-09-07,,2013-09-03,1900-03-24 14:34:00,7.58,0.0,4537.0
barrel,6660,18,251,21,119,34,111.88,Male,,1989-04-04,,2007-07-01,2017-09-25 16:04:00,7.34,43.0,6604.0
muks,237392,28,519,15,8,14,160.8,Unknown,,,,2009-09-22,2017-02-28 05:50:00,8.87,0.0,9560.0
SageModeTice,6939613,24,50,10,4,291,20.49,Male,New York,2002-01-19,,2018-01-29,2018-05-17 05:08:05,7.08,5.0,1221.0
BrooklynBearJew,341057,12,191,15,10,67,56.5,Female,Missouri,1993-01-01,,2010-06-13,2013-11-10 12:26:00,6.59,9.0,3270.0
RinSakura,105459,19,171,20,26,27,66.75,Female,"Kuala Lumpur, Malaysia",1995-03-30,,2008-10-16,2015-12-12 12:52:00,7.72,60.0,3965.0
Faeyy,118509,11,59,8,6,8,45.59,Unknown,USA,,,2008-11-28,2016-04-28 01:07:00,8.54,7.0,2733.0
firespike15,111899,5,22,0,0,0,11.69,Male,la la land/aka my happy place,,,2008-11-06,2011-05-03 08:21:00,9.71,11.0,680.0
Jeizaya,101711,14,300,3,4,213,65.34,Female,Finland,,,2008-10-04,1900-05-10 14:17:00,8.35,0.0,3882.0
TobiasAnimeMan,6325326,3,74,6,3,121,40.11,Male,"Mostoles, Madrid",1995-12-03,,2017-06-18,2018-05-18 11:14:49,8.39,1.0,2427.0
Chibi_Hige,205188,27,778,153,37,147,248.76,Male,"Raleigh, NC",1989-12-22,,2009-07-09,1900-05-12 21:05:00,6.92,144.0,14854.0
Time_Alter,6955850,17,320,9,56,55,116.36,Male,New York,1997-01-01,,2018-02-04,2018-05-17 01:16:20,6.83,0.0,7082.0
juha19,86842,16,220,47,10,132,132.65,Male,Tokyo,1988-01-01,,2008-08-17,1900-04-01 03:30:00,6.16,61.0,7781.0
MysticMimi,450957,71,98,6,6,207,30.22,Female,"Casablanca, Morocco",1994-05-10,,2011-02-19,2017-09-28 15:24:00,8.11,11.0,1703.0
Himono-onna,213444,7,399,11,2,8,117.6,Female,,,,2009-07-27,1900-02-22 12:44:00,8.43,0.0,7331.0
Zelfff,6346602,14,110,0,0,5,48.28,Male,,,,2017-06-26,2017-10-24 19:26:00,7.4,0.0,2865.0
momiji2,22672,32,30,0,0,14,19.48,Female,,1994-01-18,,2007-11-19,2010-08-25 13:17:00,8.62,23.0,1103.0
odst01,130169,65,209,4,4,117,54.69,Male,,1992-10-26,,2009-01-02,2017-02-19 10:11:00,8.64,0.0,3125.0
Laura_Salmond,6955108,8,29,41,1,133,17.07,Unknown,,,,2018-02-04,1900-05-16 13:04:00,8.27,0.0,1017.0
thatguy828,361974,2,221,0,3,3,80.34,Male,,,,2010-07-28,2017-02-18 04:51:00,6.26,0.0,4766.0
hitokouji,2091363,12,282,40,10,150,82.09,Female,,,,2013-01-25,2017-12-14 10:08:00,6.62,0.0,4999.0
VictorX,1044917,3,144,4,49,11,57.47,Male,"Hoboken, NJ",1990-08-25,,2011-12-06,1900-04-17 12:18:00,6.79,2.0,3444.0
Slazo,414265,10,249,42,2,112,66.33,Male,United Kingdom,1991-02-27,,2010-11-30,1900-05-13 04:07:00,6.32,28.0,4069.0
stitchedouchies,391591,14,39,10,3,15,23.14,Female,"California,USA",1990-07-23,,2010-10-04,2013-05-02 15:32:00,7.0,4.0,1324.0
Mystery8438,6557835,11,102,1,6,76,47.71,Male,,,,2017-09-15,2018-05-16 20:41:00,7.34,0.0,2971.0
Laine-Crys,143762,46,116,3,1,40,49.88,Female,"Brazil, bahia",1989-01-27,,2009-01-28,1900-05-11 13:20:00,8.56,0.0,2968.0
pjmyster,1907094,3,101,4,1,16,53.53,Unknown,,,,2012-12-16,2016-07-27 22:45:00,9.41,10.0,3203.0
Oborosu,5863650,9,173,26,3,15,85.44,Male,Sydney,1991-01-01,,2016-11-27,1900-03-12 19:02:00,7.71,0.0,5170.0
IronChefTakun,90675,30,572,5,16,0,107.91,Male,,,,2008-08-31,2015-09-13 11:56:00,7.25,0.0,6596.0
Dantaliongremory,5071681,81,281,0,30,42,57.58,Male,,1999-01-01,,2015-12-23,2016-05-22 22:17:00,7.62,11.0,3667.0
UnoupHigashikata,6522638,22,247,0,9,47,72.56,Unknown,,,,2017-08-31,2018-05-18 00:58:19,6.04,0.0,4444.0
Azolla,3157015,6,77,2,0,18,35.18,Female,Belgium ,,,2013-09-14,2016-06-15 02:46:00,8.56,0.0,2206.0
Hooplas,37425,1,148,0,0,37,95.36,Female,In my house X3,1989-11-14,,2008-02-14,2009-10-08 19:10:00,7.55,45.0,5748.0
ZetKurate,120853,34,985,30,18,21,281.05,Male,Academy City,,,2008-12-05,2018-05-18 05:58:21,7.41,13.0,17653.0
guim4,5736216,22,320,37,11,196,119.29,Unknown,,,,2016-09-30,2018-05-18 02:58:24,7.08,8.0,7308.0
Zakew,6023468,2,33,3,3,9,10.58,Non-Binary,High Ground 295,,,2017-02-01,1900-05-14 07:00:00,7.52,6.0,633.0
kyahmagda,89849,9,76,13,21,7,46.1,Female,Its always sunny in florida~,1991-05-02,,2008-08-28,2013-05-17 15:55:00,7.54,3.0,2806.0
Kayaki,117568,10,51,12,3,36,26.03,Male,"Guararema, São Paulo",1992-01-17,,2008-11-25,2011-03-20 01:17:00,8.13,0.0,1524.0
Olsea,753535,6,24,0,0,22,16.01,Unknown,,,,2011-10-15,2017-08-01 14:05:00,6.53,0.0,956.0
moissi,2407281,2,491,2,0,14,91.64,Female,Croatia,,,2013-04-08,2018-05-18 11:35:31,6.69,2.0,5414.0
semmel,24478,11,134,51,14,171,38.31,Male,"Vienna, Austria",1987-08-02,,2007-12-02,1900-03-11 07:03:00,7.82,0.0,2212.0
Arassar,80020,6,325,0,43,18,110.86,Male,,1984-02-18,,2008-07-26,2017-07-21 21:43:00,7.6,25.0,6471.0
fr0stychao,2348885,5,146,1,6,25,53.61,Female,,1995-12-09,,2013-03-25,1900-04-21 03:37:00,7.35,6.0,3097.0
ZaBondo,6843999,7,26,1,0,6,7.71,Unknown,,,,2017-12-30,1900-05-13 21:24:00,7.14,0.0,461.0
Nick-Knight,3467577,11,320,160,0,304,81.83,Male,Uberlândia - MG/Brazil,1995-11-18,,2014-01-07,2018-05-17 07:41:00,6.52,3.0,4890.0
Verdict,20276,68,398,19,0,91,186.96,Male,"Vilnius, Lithuania",1990-07-14,,2007-11-05,1900-05-15 10:55:00,8.15,84.0,11186.0
Gabriel_18,6881365,8,32,2,3,10,51.19,Unknown,,,,2018-01-10,1900-02-02 17:41:00,7.43,1.0,3089.0
animefanftw,72135,31,268,4,2,216,56.86,Unknown,,,,2008-06-28,1900-05-02 21:30:00,8.86,0.0,3280.0
Baka-Neko,164223,5,142,0,2,72,28.95,Male,,,,2009-03-29,2011-02-12 23:32:00,7.71,0.0,1722.0
bakaseinen,150253,23,37,7,0,9,24.26,Male,"Norfolk, Virginia",1988-04-18,,2009-02-15,2010-04-04 14:23:00,8.51,4.0,1434.0
RamnDude,130082,23,78,18,18,37,45.63,Male,"Apple Valley, California",1991-08-19,,2009-01-02,2012-01-09 01:15:00,7.61,4.0,2726.0
Kyuik,95586,14,526,32,6,201,157.79,Female,Poland/Lodz,1991-10-24,,2008-09-17,1900-01-30 15:10:00,7.73,1.0,9283.0
J151carlos,4782639,82,1120,0,14,60,178.78,Male,"Fairview, New Jersey",1999-05-04,,2015-07-31,2018-05-16 23:59:21,7.26,4.0,11421.0
Monki,213229,29,140,9,2,46,42.12,Female,,1991-06-25,,2009-07-26,2017-09-29 02:57:00,8.3,0.0,2466.0
Hopesedge,4517647,11,160,9,0,34,105.73,Male,"Birmingham, England",1997-05-20,,2015-03-25,1900-05-13 16:24:00,7.47,0.0,6260.0
VileGecko,286128,18,435,5,24,72,111.11,Unknown,,,,2010-01-23,2017-11-11 14:09:00,8.15,10.0,6439.0
foldypaper,18429,2,36,10,4,8,9.68,Female,,,,2007-10-22,2014-12-04 03:29:00,7.65,14.0,551.0
SafetyPin,177772,25,100,15,3,97,55.11,Female,,1993-08-09,,2009-05-02,2009-05-17 16:46:00,8.13,7.0,3220.0
Pressagio,14382,7,86,6,3,34,67.66,Unknown,,,,2007-09-21,2013-02-12 18:53:00,7.55,12.0,4044.0
Gabriiel,258557,2,14,4,3,6,15.8,Female,Northern Europe,,,2009-11-14,2013-01-16 11:33:00,7.86,8.0,954.0
EbonyRaven,548339,3,406,0,19,38,140.51,Male,,,,2011-08-18,2018-05-18 08:59:00,8.12,179.0,8167.0
LusciousLobsters,3921987,17,444,20,80,83,132.7,Male,,1998-09-21,,2014-07-12,1900-01-14 11:48:00,6.08,0.0,7937.0
DrYandereRena,86717,7,48,9,0,123,11.06,Female,Some where in London,1993-02-06,,2008-08-17,2010-10-02 13:12:00,8.53,0.0,678.0
Rage24,53658,22,1235,1,28,0,311.29,Male,,1985-11-24,,2008-04-17,2018-05-16 14:09:00,8.01,0.0,18346.0
Sinclair178,143844,3,38,2,1,14,16.14,Unknown,,,,2009-01-28,1900-01-27 16:54:00,7.81,7.0,957.0
daniel648,302191,3,19,2,0,2,5.25,Male,Under Your FUTON! / KOTATSU,2001-09-11,,2010-03-07,2010-04-13 03:36:00,8.87,0.0,314.0
supahlupah,99350,4,254,0,0,1,93.29,Male,capital federal,1986-10-08,,2008-09-28,1900-04-11 09:08:00,7.95,105.0,5529.0
Raziel_Metallium,417524,7,902,11,0,58,176.63,Male,,1989-11-25,,2010-12-08,2018-05-17 14:21:00,6.4,0.0,10426.0
tenuo,38988,4,223,17,18,165,100.79,Male,France,,,2008-02-22,1900-03-31 19:52:00,7.85,34.0,5968.0
AHuMex,165360,31,709,69,20,142,179.62,Male,"Russia, Moscow",1983-03-19,,2009-04-01,2017-03-26 12:18:00,7.35,18.0,10455.0
hijikatas,2743321,2,248,16,38,55,63.47,Male,,1999-08-25,,2013-06-20,2018-05-16 14:20:00,6.86,30.0,3850.0
Yoon,268736,20,775,16,49,12,230.66,Male,France,,,2009-12-11,2017-09-28 06:08:00,6.16,34.0,13850.0
Imamul-Kabir,4531498,28,607,9,6,222,178.98,Male,"Dhaka,Bangladesh",1997-07-07,,2015-04-01,1900-04-22 04:56:00,8.29,4.0,11024.0
mokona_mushroom,1580847,13,97,0,0,65,27.97,Female,Under your bed,,,2012-10-03,1900-03-08 18:56:00,7.5,0.0,1679.0
maaartinko,5145900,5,61,12,1,54,52.57,Male,Switzerland,1999-05-14,,2016-01-21,2017-12-28 02:16:00,7.7,0.0,3163.0
GoddesofEggrolls,233438,22,75,0,5,39,23.17,Female,Washington,1990-02-01,,2009-09-13,2016-12-14 15:51:00,7.63,5.0,1304.0
koizumi_enma,413925,9,73,10,0,81,46.34,Female,,,,2010-11-29,2013-09-08 14:43:00,9.2,0.0,2756.0
DSJFX18,14806,45,458,298,11,121,138.33,Male,Toronto,,,2007-09-24,1900-01-20 19:00:00,7.72,3.0,8316.0
futari,95622,29,57,5,1,2,19.95,Unknown,"Tilburg, The Netherlands",1986-04-02,,2008-09-17,2012-04-17 07:42:00,7.64,0.0,1201.0
infinityand1,86781,2,27,0,0,7,6.79,Male,CALIFORNIA,1991-03-16,,2008-08-17,2011-02-16 23:34:00,8.11,14.0,341.0
lotslootl,1007801,139,226,10,14,66,83.15,Unknown,,,,2011-11-23,2016-04-28 22:09:00,8.45,0.0,4930.0
Kokihatu,148060,10,133,14,3,2,39.83,Male,Finland,1989-08-29,,2009-02-09,2016-11-22 12:45:00,6.8,5.0,2366.0
catsmack,512301,4,36,1,0,2,13.89,Male,"Ford City, Pennsylvania",1991-11-29,,2011-07-13,2011-08-01 21:54:00,7.73,3.0,821.0
IScreamAimFire,5312432,7,151,6,7,241,95.82,Unknown,,,,2016-04-03,1900-03-30 01:52:00,7.59,0.0,5858.0
-amu-,307923,9,94,1,5,103,68.71,Female,The Netherlands,1996-03-10,,2010-03-24,2013-05-19 10:17:00,8.95,6.0,4068.0
mafuyu_0606,792709,4,154,16,4,2,87.21,Female,"Caloocan, Philippines",1993-06-06,,2011-10-22,2017-09-04 21:25:00,7.6,7.0,5295.0
SpeederFalcon,113603,9,212,8,44,4,108.39,Male,"Houston, Texas",,,2008-11-11,1900-04-15 14:24:00,7.93,8.0,6414.0
Cyber-bird,261905,5,298,6,17,201,95.84,Male,Bulgaria,1992-08-17,,2009-11-23,1900-05-05 10:33:00,7.31,0.0,5575.0
asswithnolife,5961992,6,99,20,2,345,47.6,Non-Binary,AssLand,2018-02-09,,2017-01-07,1900-04-23 09:36:00,7.33,0.0,66489.0
Spliffy,201450,6,32,0,3,27,28.88,Male,Michigan,1993-08-07,,2009-07-01,2010-01-04 14:44:00,8.59,6.0,1707.0
kartracer76,274627,6,93,7,13,45,28.34,Male,Canada,1993-02-14,,2009-12-27,2017-06-22 15:57:00,7.91,19.0,1593.0
Hoshi062,372407,3,442,5,7,36,107.23,Male,,1992-08-21,,2010-08-20,1900-04-26 09:35:00,6.77,0.0,6703.0
SethMaruyama,5375817,2,41,2,0,6,15.27,Unknown,,,,2016-04-29,2016-06-05 20:59:00,9.87,0.0,935.0
yumenights,333839,7,56,6,10,48,32.96,Female,"Rio de Janeiro, Brazil",1995-05-02,,2010-05-27,1900-05-10 13:29:00,8.09,8.0,1974.0
lizzylindy,4107253,10,54,1,13,38,30.66,Female,,,,2014-09-18,1900-05-09 13:48:00,8.48,3.0,1833.0
anti_zombie,135599,10,188,7,6,54,69.57,Female,Germany,,,2009-01-16,1900-03-03 10:12:00,8.08,0.0,4140.0
trytosmile,249033,4,98,0,0,1,41.88,Female,"Queensland, Brisbane",1991-05-29,,2009-10-20,2011-11-12 05:40:00,8.35,4.0,2443.0
Ahondara,1504931,1,390,0,0,27,115.0,Male,"Providence, Rhode Island",,,2012-09-09,2017-04-17 11:03:00,8.21,4.0,6872.0
Krymz,52012,6,42,5,3,10,13.67,Male,Hurricane  Alley - Florida- USA,1984-04-03,,2008-04-12,2011-05-29 05:39:00,8.13,0.0,804.0
TioKiyoshi,411963,64,611,11,7,196,171.79,Male,"Rio Grande do Sul, Cachoeirinha",1995-09-23,,2010-11-24,2018-05-17 06:44:00,8.09,0.0,10150.0
sherrylyne,449496,19,7,3,0,10,4.61,Male,,1994-06-15,,2011-02-15,2014-01-15 04:52:00,8.14,0.0,276.0
hellsum,53535,0,49,5,0,48,27.7,Male,Turin,1984-01-01,,2008-04-16,2016-09-11 01:27:00,7.91,0.0,1637.0
ShellBee,59780,3,57,0,0,0,20.29,Unknown,,,,2008-05-11,2008-07-28 20:18:00,9.1,0.0,1260.0
LordoftheHorizon,4523094,5,123,7,20,10,43.57,Male,Beyond the Event Horizon,2000-02-13,,2015-03-28,2018-05-16 08:10:43,5.91,0.0,2552.0
dn333,418593,8,153,3,23,15,47.32,Male,"Toronto, Canada ",,,2010-12-11,2017-12-06 18:25:00,6.78,8.0,2756.0
makaryn,50058,6,131,8,3,41,60.27,Male,"Poland, Pruszków",1990-12-09,,2008-04-09,1900-05-10 05:51:00,7.79,1.0,3556.0
Eosphoros,2509649,5,107,1,0,0,61.45,Male,"Houston,Texas",1993-05-01,,2013-05-01,2015-08-10 00:39:00,8.17,0.0,3680.0
begemot,125791,11,46,6,3,55,5.97,Female,,,,2008-12-21,2012-03-14 13:39:00,7.06,0.0,397.0
leonardorxs,3418685,12,86,2,6,44,62.09,Unknown,,,,,,,,
K04et,94667,2,659,10,0,68,158.14,Male,"Russia,Moscow",1992-04-17,,2008-09-14,2018-05-18 04:59:55,7.89,0.0,9356.0
Toa_of_Gallifrey,4201917,21,397,19,38,316,71.6,Male,"Duwang, S city",1999-08-21,,2014-10-24,2018-05-17 04:43:42,6.52,39.0,4884.0
SP4RKS,6877400,12,54,10,2,92,16.49,Unknown,,,,2018-01-09,2018-05-15 18:49:00,7.51,0.0,979.0
Farragian,4450588,6,53,2,0,40,17.44,Unknown,,,,2015-01-31,1900-02-21 12:43:00,8.0,2.0,1039.0
UndyingQueen,462,20,94,7,0,15,32.16,Female,,1983-04-26,,2006-06-27,2012-06-24 12:49:00,8.56,32.0,1791.0
Levisseur,3670925,7,84,1,0,62,49.45,Male,"Makassar, Indonesia",1995-04-03,,2014-04-01,2017-01-13 05:57:00,8.01,0.0,2953.0
Piadith,5874474,21,196,5,0,6,52.07,Male,Enschede,1994-11-09,,2016-12-02,1900-05-16 09:17:00,7.87,3.0,3135.0
xeixei,6113,2,18,3,5,0,11.96,Unknown,"Aberdeen, Scotland.",,,2007-06-23,2009-08-31 07:37:00,7.18,0.0,707.0
Cartesson,563867,5,64,0,2,12,31.36,Male,,1995-10-30,,2011-09-03,2017-09-25 19:18:00,8.47,0.0,1843.0
xandreade,471776,16,299,11,82,971,54.8,Unknown,,,,2011-04-09,1900-04-12 19:34:00,5.17,1.0,3692.0
HansWorst,481847,9,154,0,2,12,57.34,Male,,,,2011-05-02,2015-03-11 09:37:00,7.07,10.0,3464.0
NightMyst6,5283448,23,159,47,18,26,57.03,Male,BC,,,2016-03-23,2018-05-18 09:00:11,7.66,5.0,3512.0
Chiperda,41620,1,341,14,15,16,118.25,Male,,1987-01-16,,2008-03-07,2016-12-22 22:39:00,7.55,25.0,6909.0
SK8ERBOI,5030632,2,61,0,0,48,30.12,Male,,,,2015-12-04,1900-05-09 05:36:00,9.21,0.0,1775.0
minami_desu,1378731,0,246,19,3,170,68.6,Female,"Samara, Russia",1994-01-24,,2012-07-04,1900-04-16 07:52:00,7.54,60.0,4197.0
Egnawolk,361936,50,686,10,32,76,195.03,Male,Sweden,1988-01-08,,2010-07-28,1900-05-16 12:30:00,7.49,72.0,11860.0
Atzin,4317129,49,333,0,6,96,69.59,Male,,1998-04-11,,2014-12-12,1900-05-11 18:45:00,7.55,18.0,4042.0
animefreak_usa,423285,7,318,4,19,18,88.75,Unknown,,,,2010-12-22,2018-05-14 19:58:06,7.45,0.0,5423.0
JigoKuu_,92057,11,15,0,0,5,10.03,Male,,1991-02-16,,2008-09-04,2010-01-04 22:01:00,8.57,3.0,598.0
redcastro,268907,7,507,2,12,23,135.33,Male,The Great White North,,,2009-12-12,1900-04-06 15:26:00,6.95,0.0,7865.0
Illwrath,4011779,0,391,0,0,389,116.82,Unknown,,1992-05-20,,2014-08-11,1900-05-15 22:58:00,7.4,0.0,6997.0
bilun,1410267,4,151,23,11,33,43.77,Unknown,,,,2012-07-21,1900-05-08 06:57:00,4.56,0.0,2636.0
luvame,63428,5,15,2,0,0,6.22,Unknown,,,,2008-05-25,2008-05-25 05:38:00,8.6,0.0,365.0
Egleh,4162037,18,242,21,1,42,110.29,Male,"Skövde, Sweden",1994-02-28,,2014-10-08,2018-05-18 09:00:26,7.76,0.0,6572.0
Br3mbo,5377847,4,132,5,3,70,63.1,Male,"L'Hospitalet de Llobregat, Spain",1994-10-16,,2016-04-30,2018-05-18 01:00:28,7.82,20.0,3590.0
yamato-kun,134447,9,55,0,1,4,30.44,Unknown,"le havre, France",,,2009-01-13,2016-03-14 17:08:00,7.55,0.0,1806.0
indekplay,6322789,8,102,1,1,11,40.21,Unknown,,,,2017-06-17,1900-04-06 15:23:00,7.98,0.0,2419.0
rocketbus,507211,6,49,4,4,35,24.6,Unknown,,,,2011-07-03,2014-05-09 10:04:00,7.0,25.0,1461.0
tsubame-chi,2528363,9,194,61,3,125,158.8,Female,United States,1998-11-23,,2013-05-05,1900-03-26 20:38:00,8.39,4.0,9499.0
KarenDran,43320,29,153,2,16,20,49.13,Female,"Fife, Scotland",1991-04-08,,2008-03-16,2017-10-10 15:40:00,7.11,64.0,2879.0
ChibiHime,75589,10,298,19,11,192,80.35,Female,,,,2008-07-10,1900-05-01 01:09:00,7.35,24.0,4701.0
Coldblade,3916841,18,97,7,37,54,42.61,Male,,1993-09-11,,2014-07-11,1900-04-17 20:13:00,6.6,0.0,2654.0
Dynames,1344641,166,202,45,0,391,96.86,Non-Binary,"Toronto, Canada",,,2012-06-13,2018-05-18 09:00:45,7.83,30.0,5732.0
Rukako,566425,11,327,11,47,61,138.06,Male,"Osnago (LC), Italy",1995-02-01,,2011-09-06,1900-05-13 01:12:00,6.72,1.0,8140.0
LawinatorEX,78686,24,463,52,7,0,163.17,Unknown,,,,2008-07-21,2018-05-15 08:07:08,7.5,1.0,9760.0
linkmitch,1177827,17,224,8,4,148,58.59,Male,,1994-09-24,,2012-03-02,2018-05-16 12:26:00,7.79,0.0,3547.0
piupau,39982,4,91,9,8,7,42.48,Female,Finland,1989-03-20,,2008-02-27,2010-07-01 12:56:00,8.02,0.0,2498.0
Underfined,33880,5,537,3,4,59,265.44,Male,ANKARA-Elvankent,1992-12-07,,2008-01-27,2018-05-18 11:45:48,7.56,0.0,16092.0
Elinor_Strife,524973,46,718,76,10,278,140.56,Female,"Polska,Nysa",1996-05-24,,2011-07-25,2018-05-18 01:00:50,9.21,0.0,8939.0
Turok1107,4864519,23,691,5,8,155,187.6,Male,Colorado,1998-04-18,,2015-09-08,1900-05-14 22:38:00,7.57,204.0,11499.0
eduardopinho,1083911,4,105,0,1,0,37.68,Male,,,,2012-01-01,2016-08-05 19:32:00,7.93,0.0,2255.0
bloody9000,5093422,101,213,0,2,84,66.04,Unknown,,,,2016-01-01,1900-04-20 23:11:00,8.83,0.0,3996.0
Tof,169178,30,248,34,19,68,78.37,Male,"Paris, France :(",1987-03-15,,2009-04-11,2010-02-13 01:14:00,8.07,0.0,4573.0
Missy87,6000227,29,70,3,10,71,22.85,Female,Italia,1987-10-30,,2017-01-22,2018-05-18 08:01:00,7.44,0.0,1389.0
sesshy85,167689,2,66,11,4,10,84.31,Female,New York,,,2009-04-07,1900-04-02 19:28:00,9.59,13.0,5032.0
Hannah_Ana,128490,27,1248,3,96,506,288.56,Female,Right behind you...,,,2008-12-29,2018-05-18 06:01:07,6.84,19.0,17383.0
Pinguinus,222460,2,57,15,14,69,69.69,Male,Romania,1990-07-13,,2009-08-17,1900-02-05 15:41:00,7.44,14.0,4152.0
Otakuvania,2169593,14,233,3,5,40,224.08,Unknown,Canberra,,,2013-02-12,1900-04-16 12:41:00,8.24,0.0,13086.0
MaxTraveler,19254,1,63,12,7,31,41.58,Male,,,,2007-10-29,2017-07-19 11:03:00,7.52,7.0,2489.0
Yojimbo_Ex,106484,23,379,33,74,130,62.17,Male,Malaysia,,,2008-10-19,1900-01-22 07:37:00,7.17,0.0,3992.0
ProLamer,116428,10,429,27,18,140,160.66,Male,,,,2008-11-21,2018-05-14 14:23:15,7.74,6.0,9677.0
KuronekoSenpai,1305953,13,1119,6,0,207,256.07,Male,Akihabara,1997-06-14,,2012-05-17,1900-05-12 18:40:00,6.34,39.0,16411.0
paranda,19534,4,348,1,75,22,79.24,Male,私立あべにゅう学園,,,2007-10-31,2017-07-17 20:50:00,6.23,0.0,4997.0
pyroguy760,122536,55,274,6,29,146,79.89,Male,"Westminster, California",1990-10-22,,2008-12-10,2017-10-06 10:50:00,8.01,1.0,4825.0
Juhusagi,2493927,4,342,64,0,257,70.0,Female,"América, Rio Grande do Sul",1997-10-13,,2013-04-27,2018-05-18 05:01:17,7.56,1.0,4383.0
Tibilan,275229,29,54,21,2,70,39.64,Unknown,,,,2009-12-28,2015-01-21 10:05:00,8.19,0.0,2340.0
Groovy_Q,1389983,5,116,27,24,47,47.37,Male,,,,2012-07-10,1900-05-03 22:24:00,7.61,0.0,2749.0
AngelsArcanum,1999512,52,474,59,33,327,147.94,Male,"Toronto, Ontario",1995-01-20,,2013-01-06,2018-05-17 08:32:00,6.27,0.0,8630.0
tmwmn,1259785,1,281,28,0,57,98.37,Male,,,,2012-04-17,2017-12-10 05:18:00,6.6,128.0,5491.0
wizarda,6184,8,181,5,24,59,78.59,Male,"Bulgaria,Veliko Turnovo(Great Turnovo)",1991-11-23,,2007-06-24,2015-03-20 04:37:00,9.08,3.0,4500.0
Shinkaism,3446075,18,99,5,39,26,25.65,Male,"Hornsby, Australia",1997-08-02,,2013-12-31,1900-03-03 18:31:00,5.85,5.0,1510.0
Riscolso,4522914,16,439,35,64,202,133.85,Male,,1996-08-03,,2015-03-28,1900-05-06 00:32:00,7.95,16.0,8631.0
stellalala,2689871,7,246,3,20,64,60.87,Female,,,,2013-06-09,1900-05-05 00:12:00,5.37,3.0,3709.0
Fubuki22,5904627,12,36,0,5,61,20.1,Male,"Prahova,Romania",2002-09-05,,2016-12-15,1900-05-13 04:17:00,8.78,0.0,1226.0
HTsuave,2378873,6,53,15,15,0,35.95,Male,,,,2013-04-01,1900-05-02 16:22:00,7.1,0.0,2155.0
Aeon,7255,34,228,11,16,29,95.83,Male,Sweden,,,2007-07-10,2018-05-17 04:06:00,7.09,0.0,5768.0
Kron114,269744,272,423,38,12,147,124.15,Male,,1991-11-13,,2009-12-14,1900-05-13 00:29:00,6.72,0.0,7462.0
LokiAgdistis,316662,24,268,8,74,321,63.32,Non-Binary,"Providence, ""Midgard"" 616",1994-05-28,,2010-04-14,2018-05-18 09:01:40,7.09,0.0,3814.0
KrAmMeR,276209,2,93,2,12,24,37.2,Unknown,,,,2009-12-31,2017-07-22 04:43:00,8.33,0.0,2168.0
lamunay,3465689,71,353,63,13,366,69.72,Unknown,,,,2014-01-06,2018-05-17 03:50:00,8.09,0.0,5193.0
Rae-chan,14523,6,31,6,2,20,13.98,Female,"crackville, California",,,2007-09-22,2009-06-27 18:22:00,8.04,13.0,807.0
Once_narutard,6139004,7,40,8,1,50,17.21,Female,"ribeirão preto, sp",2000-12-28,,2017-03-29,2017-11-05 12:14:00,8.69,0.0,1059.0
RJ17Boy,4475730,8,112,1,5,2,30.85,Male,,1994-04-26,,2015-02-20,2018-05-18 02:01:48,8.29,0.0,1806.0
shin-sama,349401,27,70,2,0,11,38.78,Female,Philippines,1995-06-25,,2010-07-02,2015-07-16 12:04:00,9.45,18.0,2353.0
Lluvy,292170,19,45,15,0,22,7.12,Female,,1989-01-01,,2010-02-08,2013-02-12 23:12:00,8.7,0.0,389.0
RiasTiamat,3020027,19,282,16,25,3,76.77,Unknown,Abyss,,,2013-08-09,2017-07-29 10:04:00,9.0,0.0,4575.0
sunspot,37802,4,107,0,0,110,43.78,Male,"Vilnius, Lithuania",1983-07-21,,2008-02-16,2018-05-18 08:01:53,7.98,0.0,2491.0
Sandman86,6206635,17,102,5,4,48,40.19,Male,"Dream land ,New Jersey",1994-12-03,,2017-04-25,2018-05-15 01:08:18,8.56,0.0,2302.0
Palmieri-sama,357996,24,183,6,5,23,104.16,Male,"S J Rio Preto, SP, Brazil",1980-11-14,,2010-07-20,2017-05-30 06:28:00,8.21,26.0,6074.0
Aniratac,425737,67,477,74,13,39,178.76,Female,Portugal,1996-11-02,,2010-12-28,1900-05-13 09:48:00,7.61,37.0,10836.0
Saeryun,4330707,52,356,24,23,181,76.27,Female,"Paraná, Brazil",1995-09-01,,2014-12-18,2018-05-17 17:50:22,6.97,0.0,4834.0
Shironi,1833822,32,222,3,10,27,54.5,Male,New Zealand,,,2012-11-29,2018-05-18 09:01:56,7.28,3.0,3315.0
RealisticDino,6188080,15,247,1,15,133,114.89,Male,,,,2017-04-17,2018-05-18 08:01:59,5.81,34.0,7174.0
kijioto,3912249,13,521,0,2,50,100.37,Male,"Rio de janeiro, Brasil",1997-04-08,,2014-07-09,2018-05-14 17:22:00,9.51,0.0,6788.0
raulx222,1588761,2,94,2,2,12,20.73,Male,Romania,1996-06-09,,2012-10-05,1900-05-05 15:39:00,8.44,0.0,1194.0
kaptaincucumber,5394346,25,335,3,58,58,139.89,Male,Australia,1998-11-27,,2016-05-07,1900-05-11 06:42:00,6.94,9.0,8351.0
Ryosei_Hime,7044,27,361,8,26,186,79.9,Non-Binary,"Indianapolis, Indiana",1987-03-13,,2007-07-07,1900-05-12 22:39:00,7.57,24.0,4785.0
Churkirby,277144,0,46,7,1,6,14.36,Male,"St. Albans, UK",1993-10-15,,2010-01-02,2017-11-18 21:02:00,8.16,0.0,779.0
wallchicken,5717576,3,49,1,1,43,25.88,Male,birigui,2002-02-05,,2016-09-23,2018-05-14 16:38:31,8.1,2.0,1569.0
Annabeiru,349497,56,255,51,12,21,99.35,Female,"Melbourne, Australia",1997-02-08,,2010-07-02,2013-01-22 04:26:00,7.03,23.0,6069.0
26paperstars,4520414,11,96,4,5,96,41.4,Female,,,,2015-03-27,1900-04-12 11:15:00,8.63,0.0,2523.0
litya,4903482,0,81,8,5,109,24.24,Unknown,Moscow Russia ,2000-09-12,,2015-09-28,1900-05-02 08:20:00,6.81,1.0,1478.0
Phana,1510053,45,195,0,1,30,69.67,Unknown,,1996-05-30,,2012-09-12,1900-04-29 05:58:00,7.85,2.0,4202.0
_GetBacker_,1029135,24,154,0,0,44,60.46,Female,,1997-12-10,,2011-11-29,2017-11-23 02:18:00,9.95,0.0,3589.0
Jadefire79,5232718,44,156,2,12,33,99.62,Female,Germany,1979-07-09,,2016-03-01,1900-04-24 23:30:00,7.91,0.0,5982.0
kiralovesyou,69111,10,99,9,0,21,27.06,Female,,1994-12-06,,2008-06-17,2016-07-29 08:47:00,8.93,0.0,1641.0
Lanetti,541749,0,81,22,4,44,25.7,Female,Poland,1996-04-16,,2011-08-11,2017-01-02 05:55:00,7.72,0.0,1625.0
BlackHanyouMiko,219253,3,226,27,11,63,99.37,Female,,,,2009-08-10,1900-02-25 20:04:00,9.08,23.0,5809.0
enkfayeh,96782,39,337,3,18,80,139.6,Unknown,,,,2008-09-21,1900-03-28 00:11:00,8.12,0.0,8304.0
Sayane-Yumi,1214403,2,136,11,2,0,60.61,Female,"Colmar, France",1987-06-23,,2012-03-25,2017-10-20 05:24:00,8.53,0.0,3655.0
H-Ather,5118159,11,94,6,2,9,71.19,Female,Middle Earth.,2001-08-04,,2016-01-10,1900-05-15 07:46:00,8.01,0.0,4260.0
Farismohamed,4882592,8,440,9,0,138,144.88,Male,"Maroc, Fquih ben salah",1997-08-23,,2015-09-18,1900-05-16 05:52:00,8.71,12.0,8719.0
Arcanyne,3590803,31,95,43,6,46,37.25,Male,,1997-11-26,,2014-02-22,2016-07-02 23:34:00,6.83,0.0,2278.0
timaios,3764947,60,102,31,21,287,32.62,Unknown,"Uncertain, Texas",,,2014-05-09,1900-01-28 19:03:00,4.33,27.0,1930.0
Freshobsessed,56742,1,222,5,5,19,83.81,Male,"London, Ontario",1983-03-21,,2008-04-28,2016-09-12 00:57:00,7.76,0.0,4818.0
AverageIQ,6626222,2,56,0,0,0,20.17,Male,,1999-06-28,,2017-10-12,1900-02-26 07:35:00,7.43,0.0,1157.0
tro098,6587372,6,83,2,0,159,16.94,Male,"Virginia Beach, Virginia",2002-07-29,,2017-09-26,2018-05-18 04:02:33,9.45,0.0,1049.0
Rock1Lee,123466,12,143,0,0,0,64.19,Unknown,,,,2008-12-13,2012-06-26 01:50:00,8.06,0.0,3733.0
OmegaSpartan,26484,12,132,13,13,32,40.99,Male,,,,2007-12-16,1900-01-24 22:05:00,7.76,0.0,2412.0
Megalj,29000,4,138,0,0,0,49.67,Male,,1992-06-15,,2008-01-01,2010-05-20 22:37:00,7.3,1.0,2914.0
Yonringun,370192,20,189,0,0,62,68.59,Male,"DZ, Poland",1988-01-11,,2010-08-15,2016-10-08 04:59:00,9.65,0.0,4097.0
Namilin,4806112,3,79,0,0,13,80.4,Female,Portugal,,,2015-08-11,1900-05-04 14:28:00,7.5,0.0,6084.0
Barldon,4468301,8,225,2,30,24,57.91,Male,"England, UK",1998-12-15,,2015-02-15,1900-05-06 12:42:00,6.8,17.0,3416.0
MrDeKat,113811,42,64,0,0,17,58.72,Male,"Asturias, Spain",1987-06-24,,2008-11-12,2013-06-04 14:52:00,6.49,6.0,3490.0
hal97,4821448,2,125,2,17,9,113.26,Unknown,,,,2015-08-18,2017-09-01 17:32:00,7.58,52.0,6764.0
NewFolder,480072,24,443,34,162,70,166.95,Male,532,2012-01-01,,2011-04-28,1900-05-15 18:45:00,8.23,14.0,9942.0
MeineAnimeWelt,3639709,8,324,5,5,113,59.84,Male,Germany,1993-09-13,,2014-03-18,1900-04-27 03:01:00,8.23,3.0,3573.0
Kiinho,313484,30,621,12,112,100,201.55,Male,France,,,2010-04-07,1900-05-09 07:28:00,6.34,65.0,11939.0
ChibiNihon,169607,35,114,5,4,7,61.24,Female,Japan.,1993-07-15,,2009-04-12,2010-04-10 03:12:00,8.07,0.0,4085.0
KnightXV,57392,4,31,0,4,1,9.93,Male,,1995-07-02,,2008-05-01,2010-09-04 07:00:00,7.49,3.0,590.0
vampaireee,385016,7,41,0,0,11,19.23,Female,,1995-11-22,,2010-09-19,2015-09-07 22:05:00,7.69,12.0,1167.0
Alpha_Norwegium,94785,4,508,11,29,726,152.03,Male,Norway,1991-11-26,,2008-09-14,2018-05-15 00:48:07,7.23,29.0,9409.0
Moondesu,21891,1,76,2,13,0,20.13,Female,,1987-06-11,,2007-11-14,2011-12-17 17:51:00,7.06,1.0,1166.0
Tanda,1844688,43,845,10,52,419,246.69,Male,"Hessen, Germany",,,2012-12-02,2017-10-15 13:32:00,5.94,103.0,14793.0
ryuuzaki-san,6102046,8,106,0,1,92,87.12,Male,Malaysia,1993-12-10,,2017-03-12,2018-05-18 10:03:03,7.11,10.0,5385.0
LethargicMars,324064,17,79,1,2,48,31.43,Female,"Cambridge, UK",,,2010-05-03,2014-04-29 11:06:00,7.02,6.0,1907.0
hime_of_fate,21542,6,46,9,5,39,34.5,Female,"England, Cheshire",1985-03-01,,2007-11-12,2010-03-09 11:05:00,7.46,10.0,2039.0
CalrenK,6484155,9,53,0,1,9,16.74,Non-Binary,,,,2017-08-15,1900-05-06 17:40:00,8.7,0.0,1001.0
vengeful,1300209,0,108,0,0,1,52.98,Female,neverland,1992-10-24,,2012-05-13,2013-02-06 04:06:00,7.69,0.0,3192.0
FateDreaming,3452843,7,151,0,12,8,47.72,Female,,,,2014-01-02,2016-06-04 23:57:00,6.37,0.0,2961.0
-RedGoddess-,5075466,1,141,2,3,36,58.63,Female,,1999-03-01,,2015-12-25,1900-05-02 21:15:00,6.65,0.0,3499.0
33uy,296782,5,20,12,2,26,6.06,Unknown,,,,2010-02-20,2010-07-28 13:07:00,7.4,14.0,364.0
Bigt_avm,55895,12,89,16,2,40,44.51,Male,Leicester,1989-06-17,,2008-04-25,2015-07-10 19:18:00,8.03,0.0,2635.0
Null_Account,2051837,20,159,5,4,45,66.77,Unknown,,1996-01-01,,2013-01-17,2015-04-07 02:54:00,8.74,5.0,3880.0
Widar-kun,469210,15,376,0,2,12,118.65,Male,"Muenster, Germany",1985-10-27,,2011-04-03,2012-05-15 14:10:00,7.27,0.0,7274.0
AceJunior,3546567,85,559,3,0,104,231.19,Male,,,,2014-02-02,2018-05-18 10:03:21,8.33,1.0,16293.0
Yukari-chan12,122880,1,102,3,0,4,34.31,Female,Somewhere in the Philippines,1993-05-12,,2008-12-11,2013-10-17 08:23:00,8.34,0.0,2080.0
Alcov,671003,15,80,13,8,122,48.59,Male,Australia,1993-10-25,,2011-09-30,1900-03-16 07:18:00,6.89,9.0,2901.0
Terin,49442,3,65,13,13,3,44.56,Male,"Chandler, Arizona",1990-01-29,,2008-04-07,2009-08-14 06:03:00,7.1,22.0,2652.0
0Pluszak0,5778159,9,157,0,2,94,51.08,Female,,,,2016-10-18,1900-03-25 03:09:00,7.48,0.0,2997.0
Dimmie,118758,14,34,6,4,10,17.73,Female,,1983-01-01,,2008-11-29,2016-10-27 17:21:00,6.7,6.0,1018.0
Leon07,5037170,22,237,46,5,221,126.81,Male,Kerala,,,2015-12-07,1900-05-02 03:28:00,7.71,26.0,7698.0
Yuuku,183482,5,274,11,22,26,78.92,Female,"Vilnius, Lithuania",1993-04-08,,2009-05-17,1900-05-07 09:54:00,8.22,12.0,4775.0
picul,1222043,3,109,2,2,57,51.99,Unknown,,,,2012-03-30,2015-04-22 03:21:00,7.04,0.0,3070.0
Karpat,3985309,15,408,9,5,42,93.27,Unknown,,,,2014-08-02,1900-02-20 10:39:00,7.19,21.0,5733.0
Sotreslast24,5415266,3,737,7,75,149,215.22,Male,"Nuevo Laredo,Tamaulipas",1995-07-24,,2016-05-17,1900-05-09 20:55:00,6.08,103.0,12853.0
CohoJET,4613062,21,109,10,17,43,33.61,Male,"Apatity, Russia",1995-12-18,,2015-05-13,1900-05-13 18:26:00,7.58,8.0,1965.0
CHaase,4983109,4,200,37,24,150,136.46,Female,,1994-03-02,,2015-11-08,1900-02-26 04:15:00,6.81,2.0,9108.0
BlackxPearl,534965,16,240,7,7,24,67.82,Male,,,,2011-08-04,1900-03-11 06:27:00,7.3,0.0,3989.0
zzs,153384,3,64,19,12,157,41.92,Female,United States,1993-03-22,,2009-02-24,2015-07-26 17:17:00,7.57,0.0,2489.0
SiaAna,6409170,10,165,11,2,117,53.9,Female,"Buenos Aires, Argentina",1984-03-26,,2017-07-17,2018-05-16 11:27:48,8.29,0.0,4257.0
UKBrocks,6105510,22,224,6,0,24,56.22,Unknown,,,,2017-03-14,1900-05-16 09:16:00,9.97,0.0,3392.0
Hahalollawl,2519219,0,54,40,0,78,21.1,Male,,1990-01-01,,2013-05-03,2017-01-11 08:30:00,8.36,0.0,1257.0
Temptii,3151271,2,114,0,0,10,35.52,Unknown,,,,2013-09-13,1900-01-18 03:19:00,7.85,0.0,2123.0
HiyoshiBR,5710957,13,154,8,13,30,87.32,Male,"Pernambuco, Brasil",1998-11-18,,2016-09-20,2018-05-16 09:42:44,7.51,2.0,5301.0
mdlkxzmcp,211580,22,252,39,9,757,97.4,Male,Kraków,1996-09-19,,2009-07-22,1900-04-21 20:19:00,7.74,51.0,5837.0
bends,88458,3,307,1,125,18,80.49,Male,,1988-05-23,,2008-08-23,1900-05-05 01:57:00,7.31,0.0,4623.0
aine1810,59440,13,215,2,8,195,110.08,Female,In My Dreams ^^,1980-10-18,,2008-05-10,2017-09-18 06:04:00,8.71,29.0,6482.0
Skiddles1357,155524,4,37,5,4,17,24.83,Unknown,,,,2009-03-02,2010-06-14 17:16:00,7.8,0.0,1448.0
DemonChris21,142676,3,454,0,0,46,94.14,Male,"Siemianowice Śląskie, Poland",1986-02-27,,2009-01-25,1900-04-18 12:18:00,7.65,0.0,5504.0
Shuhan,1338791,21,869,6,4,379,128.83,Male,"Chicago, Illinois ",1993-04-21,,2012-06-09,1900-05-16 18:45:00,7.36,18.0,7758.0
syanez,98940,10,42,3,7,16,20.1,Female,Thailand,1987-04-26,,2008-09-26,2016-12-06 07:07:00,8.25,0.0,1191.0
Felchenerow,152882,37,294,3,0,494,103.53,Male,Reading Manga In New York,,,2009-02-23,2018-05-16 07:57:31,9.21,50.0,6058.0
Felda,128268,6,335,6,3,17,150.23,Male,In your basement!,1992-06-27,,2008-12-28,1900-03-04 08:11:00,6.77,3.0,8912.0
kyoko-chan,69014,8,53,0,0,1,27.35,Female,,1993-12-10,,2008-06-16,2016-09-15 03:23:00,9.1,0.0,1596.0
AnimeFanGina,2524765,87,432,62,25,662,171.08,Female,,,,2013-05-05,1900-03-20 16:30:00,6.56,0.0,10237.0
makotohadou,47009,32,225,3,27,16,99.38,Unknown,,,,2008-04-01,1900-04-21 13:50:00,8.25,0.0,5954.0
Bubito,3154779,0,352,0,0,145,73.66,Male,"Concepción, Chile",1999-03-29,,2013-09-14,1900-04-22 14:02:00,7.8,34.0,4492.0
sukidakaraaa,1626531,1,29,3,0,2,12.8,Male,"Pamulang, Tangerang",1993-02-03,,2012-10-12,2013-09-19 02:33:00,7.78,0.0,764.0
Cristhor98,5759703,290,33,3,6,11,14.56,Unknown,,,,2016-10-10,1900-05-14 11:44:00,7.15,0.0,871.0
Lyorek,4170919,14,149,9,7,57,60.01,Male,,,,2014-10-12,2018-05-13 16:34:00,7.91,0.0,3564.0
Celestz,100054,16,172,2,0,47,61.1,Male,Ayala,1987-04-02,,2008-09-30,2015-01-18 18:42:00,8.55,21.0,3678.0
mg4091,192386,7,61,1,13,6,22.62,Male,"Heythuysen, Netherlands",1991-04-06,,2009-06-10,1900-05-03 06:00:00,8.19,0.0,1343.0
thomti,6939335,4,34,0,0,53,6.82,Unknown,,,,2018-01-29,2018-05-18 06:04:17,7.5,0.0,409.0
Melonenbrot,150483,31,181,31,25,25,63.87,Female,Germany,1993-02-20,,2009-02-16,1900-05-15 17:51:00,7.4,10.0,3858.0
Spiderman1515,402613,13,69,4,3,3,51.41,Male,,1990-09-12,,2010-10-31,2016-06-08 19:41:00,8.38,0.0,3075.0
Sixshot,154619,4,628,13,29,14,176.35,Unknown,Finland,1990-07-08,,2009-02-28,1900-05-14 06:10:00,7.84,10.0,10673.0
hikarichan20,142188,5,24,0,6,0,19.9,Female,"Chicago, Illinois",1984-09-21,,2009-01-23,2010-06-04 19:09:00,8.09,38.0,1119.0
Merlinio,341232,93,292,0,10,21,116.14,Unknown,,,,2010-06-14,2017-11-28 06:36:00,5.99,0.0,6820.0
Muda,297,6,324,8,31,4,111.47,Male,"Hamilton, Ontario",,,2006-03-20,2014-03-13 22:35:00,6.46,0.0,6539.0
animefanuk1987,433944,41,46,2,7,54,19.61,Male,"Lancaster,uk",1987-04-04,,2011-01-12,2018-05-15 16:46:26,8.82,3.0,1194.0
Azathoth77,5281326,144,331,0,0,444,45.22,Male,Spain,1995-08-03,,2016-03-22,2018-05-14 21:15:02,8.17,0.0,3102.0
luc_chan,436497,8,177,0,7,15,56.41,Female,,1995-01-21,,2011-01-17,2015-06-16 17:16:00,7.0,0.0,3441.0
Kynatosh,6745520,14,60,3,3,47,34.57,Unknown,,,,2017-11-19,1900-05-12 21:46:00,8.35,0.0,2050.0
cowboybebopbop,4024245,21,213,0,1,113,63.91,Female,Ireland,1998-04-13,,2014-08-16,1900-05-16 13:49:00,8.37,0.0,3694.0
Meme2Sai,59625,9,67,5,3,19,26.3,Female,,1990-12-28,,2008-05-11,2010-05-23 06:24:00,8.44,0.0,1553.0
linx_sr,131031,8,447,0,0,34,95.7,Male,"Skopje, Macedonia",1989-03-21,,2009-01-04,1900-04-23 12:06:00,7.61,21.0,5447.0
DouglasRai07,1404099,10,15,3,1,176,12.47,Unknown,,,,2012-07-18,2016-01-15 09:57:00,8.29,0.0,758.0
night_rain,219741,2,46,22,4,44,30.73,Female,Here and there.,,,2009-08-11,2011-07-04 00:36:00,8.2,0.0,1834.0
Sujoy,6411868,14,72,2,6,24,68.3,Male,"Kolkata, India",1999-10-28,,2017-07-18,1900-02-03 09:55:00,8.36,0.0,5465.0
thor123422,34821,6,73,2,3,38,68.68,Male,"Wheatland, Missouri",1991-10-23,,2008-01-31,2016-04-10 14:01:00,7.39,34.0,4042.0
YaPaKo,122293,23,678,7,12,17,273.72,Unknown,,,,2008-12-10,2017-05-25 01:40:00,8.38,0.0,16284.0
SuddenJami,2524589,15,243,11,2,112,72.52,Female,Tellius,,,2013-05-04,2016-07-20 18:22:00,7.95,0.0,4337.0
Mutato,16523,14,138,4,6,10,36.52,Male,Dorset,1987-04-15,,2007-10-09,2016-11-25 05:23:00,7.8,0.0,2087.0
retina,306713,3,311,5,11,13,102.04,Male,"Bucharest, Romania",1993-05-29,,2010-03-21,1900-05-09 14:16:00,8.15,7.0,6072.0
Reiver,48876,9,189,21,17,34,92.38,Male,Portugal,1987-09-19,,2008-04-06,2016-08-14 06:19:00,7.72,0.0,5518.0
Nisemon,4626,4,90,17,8,51,32.31,Male,Canada,1991-12-13,,2007-05-22,2014-07-04 23:37:00,8.86,0.0,1909.0
SweetJoJoAh,246887,6,243,5,21,94,94.33,Female,Belgium,1994-01-13,,2009-10-15,1900-05-13 06:20:00,8.59,37.0,5649.0
notjamesfranco24,6021595,40,68,25,4,36,15.73,Male,,1999-01-17,,2017-01-31,1900-05-12 01:06:00,8.87,0.0,963.0
Pristinz,4729874,18,127,17,0,168,45.62,Female,~Aus~,,,2015-07-08,1900-05-12 02:48:00,6.94,7.0,2690.0
Infernos,168171,52,1656,58,24,30,919.01,Male,Czestochowa,1989-05-10,,2009-04-08,2018-05-14 21:26:34,7.47,2607.0,56121.0
SenseiDaichi,6522371,16,106,15,2,124,24.97,Male,,,,2017-08-31,2018-05-18 11:28:17,7.44,1.0,1506.0
emperorbma,145854,3,103,11,0,0,38.37,Male,,1984-05-28,,2009-02-02,2010-09-05 23:53:00,7.7,0.0,2271.0
Chrissu,170615,17,102,5,3,8,57.92,Female,"Bucharest , Romania",1996-10-24,,2009-04-14,2012-03-23 12:05:00,9.5,0.0,3520.0
Bumzyman,4858656,10,70,0,0,65,31.44,Male,,,,2015-09-05,2017-08-11 12:08:00,8.61,0.0,1931.0
LennethValkyrie,216201,129,349,24,71,55,158.74,Female,FRANCE,,,2009-08-04,2018-05-18 08:05:24,6.42,0.0,9509.0
AkitoKazuki,4503218,15,251,1,0,64,45.61,Male,1871,1998-12-01,,2015-03-15,2018-05-18 01:05:26,7.12,0.0,2792.0
lilgirlii,225652,90,74,1,0,23,22.75,Female,netherlands,1995-10-09,,2009-08-25,1900-02-22 11:13:00,8.44,0.0,1321.0
ApocalypseLater,3974939,0,118,3,42,63,38.2,Male,"Charlotte, North Carolina",1995-12-11,,2014-07-29,1900-01-21 14:47:00,7.28,27.0,2537.0
Pichigaru,70752,5,145,0,0,1,130.06,Unknown,,,,2008-06-23,2015-12-28 05:31:00,8.69,253.0,7349.0
TheLastBurger,166169,11,28,0,1,8,18.19,Male,,1989-05-24,,2009-04-03,2010-11-10 09:11:00,8.21,0.0,1080.0
Nikooru,112536,18,280,2,5,85,91.97,Female,"Sofia,Bulgaria",1995-04-25,,2008-11-08,2017-12-05 12:19:00,8.25,0.0,5514.0
PsyAlucard,120495,8,36,0,0,0,28.96,Male,Sâo Paulo,1991-02-04,,2008-12-04,2016-03-13 16:44:00,9.42,0.0,1723.0
jensx,3738655,8,94,3,36,504,35.19,Female,,1999-03-14,,2014-04-29,2016-01-13 17:38:00,8.79,0.0,2143.0
GurrenLeader1990,491930,13,175,7,14,37,156.71,Male,"Eden, NC",1990-03-17,,2011-05-28,2017-06-27 09:51:00,7.35,67.0,9248.0
_Kazunari,242220,0,97,22,15,114,25.89,Female,MariLand; Russia.,,,2009-10-04,2017-03-15 07:00:00,8.86,0.0,1544.0
SaadatMubasshir,1492617,1,241,4,5,136,82.24,Male,"Dhaka, Bangladesh",1995-02-25,,2012-09-02,1900-05-07 10:17:00,7.56,22.0,4839.0
broandgar,2464383,3,530,0,0,18,127.7,Male,Philippines,,,2013-04-20,2018-05-14 16:00:31,7.74,0.0,7699.0
burstintoflames,355320,46,217,63,10,90,41.2,Male,"Aberdeen, UK",1988-08-11,,2010-07-14,1900-05-01 13:52:00,7.28,16.0,2552.0
Boca_Del_Lobo,461861,4,18,4,0,0,39.22,Male,,1994-10-14,,2011-03-15,2014-09-03 22:37:00,7.65,2.0,2349.0
PeregrinTook,3699131,13,31,1,2,2,36.77,Male,"Stockholm, Sweden 937",1998-10-09,,2014-04-13,1900-04-10 10:15:00,7.0,2.0,2219.0
popiz,401483,2,16,0,1,1,56.31,Male,"Santa Fe, New Mexico",1993-06-30,,2010-10-28,2011-03-20 16:25:00,8.15,8.0,3377.0
ALEOSO,3632439,9,218,11,36,148,80.79,Male,Argentina,1990-08-26,,2014-03-14,1900-03-31 20:35:00,7.99,0.0,4855.0
Ashley_Mei,4955588,27,26,4,1,5,10.04,Female,"Aveiro, Portugal",2002-05-06,,2015-10-25,1900-05-15 07:19:00,8.8,0.0,601.0
DNF,45988,20,308,12,105,27,95.49,Male,,,,2008-03-27,2014-05-03 03:11:00,6.71,7.0,6839.0
Anadriell,77471,4,71,1,0,0,47.85,Female,Tychy (Poland),,,2008-07-17,2009-12-29 09:48:00,8.63,0.0,2862.0
BatStark,3005611,8,141,7,26,15,72.17,Male,Spain,,,2013-08-07,1900-04-08 13:22:00,7.52,0.0,4186.0
RedPerry,5842479,12,55,0,3,50,15.69,Female,,,,2016-11-16,2018-05-17 01:59:00,7.96,0.0,964.0
sonn_e,1040425,6,148,0,18,32,65.47,Female,"Mato Grosso do Sul, Brasil",1993-03-01,,2011-12-04,1900-04-09 00:14:00,8.04,9.0,3960.0
indyelmo0902,60654,10,77,2,0,153,41.87,Female,"Littleton, Colorado",1989-09-02,,2008-05-15,2016-03-30 21:02:00,8.71,1.0,2488.0
COURTNEYVIOLET,6467062,2,39,11,3,80,14.03,Unknown,,,,2017-08-08,1900-05-16 05:29:00,7.77,0.0,858.0
Kaze_no_Hime,81795,2,211,5,6,2,67.74,Male,"Bulgaria, Sofia",1990-06-13,,2008-08-01,2012-05-13 10:09:00,7.72,15.0,3890.0
teelaPL,64280,13,652,69,139,108,220.6,Female,"Poland, Cracow",,,2008-05-28,1900-05-12 09:23:00,7.15,4.0,13895.0
RuMz,1091303,10,81,7,1,52,72.6,Male,UK,1994-02-06,,2012-01-06,2017-10-05 12:17:00,8.26,0.0,4341.0
Build-Lancer,1584779,29,786,20,117,103,154.54,Male,"San antonio ,Texas",1996-08-16,,2012-10-04,2018-05-17 12:04:00,8.35,0.0,9542.0
Ranmier,201645,15,542,0,26,59,171.11,Male,"pasig,philippines",1992-04-19,,2009-07-02,2015-07-15 05:25:00,8.51,1.0,11247.0
NekoC,200869,16,59,12,6,54,59.0,Female,"Reynosa, Tamaulipas",,,2009-06-30,2010-10-14 20:06:00,8.23,0.0,3532.0
RenChild,164580,10,63,3,2,11,24.3,Female,Novosibirsk,1986-10-14,,2009-03-30,2010-07-05 09:07:00,8.31,5.0,1428.0
markass,22401,11,88,0,0,37,58.42,Male,Gdańsk,1991-11-11,,2007-11-18,2012-03-03 14:41:00,9.62,10.0,3498.0
mixrin,84595,7,110,25,32,0,38.13,Male,"Russia, Moscow",1990-09-07,,2008-08-10,2011-07-18 10:48:00,8.19,0.0,2300.0
elseM,280044,31,246,12,22,48,53.72,Female,"Venlo, The Netherlands",1995-09-18,,2010-01-08,1900-03-12 03:33:00,7.17,0.0,3389.0
mancer,27616,25,105,33,12,81,77.36,Female,"Bratislava, SR",1992-05-07,,2007-12-24,1900-04-03 04:30:00,8.31,19.0,4587.0
andytainer,313877,2,154,6,5,10,87.4,Male,,1994-12-13,,2010-04-08,2017-06-19 01:20:00,9.13,31.0,5115.0
Flashmud,351612,4,57,9,20,45,29.8,Female,Canada,,,2010-07-06,1900-03-03 13:06:00,7.68,0.0,1762.0
Acardo,47089,0,227,8,11,35,185.27,Male,,,,2008-04-01,1900-04-21 12:26:00,7.79,67.0,11075.0
Hrybami,4139233,17,685,9,17,74,191.21,Male,"Quebec, Canada",1992-10-01,,2014-09-30,2018-05-15 05:55:44,5.47,28.0,11755.0
Kanra-Hime,94853,97,420,18,63,360,132.17,Unknown,,,,2008-09-14,1900-03-15 22:58:00,8.36,14.0,8201.0
ChuugiRain,130476,4,65,6,3,9,32.73,Female,,1993-04-17,,2009-01-03,2009-07-10 08:24:00,7.44,0.0,1936.0
Kpop,5049611,322,93,0,1,25,36.32,Unknown,,,,2015-12-13,1900-05-13 07:20:00,7.51,0.0,2214.0
Karoty,341451,10,176,1,0,7,76.79,Female,Warszawa x3,,,2010-06-14,1900-04-21 11:47:00,7.5,0.0,4677.0
andRHEA,255818,16,22,2,1,3,10.69,Unknown,,,,2009-11-07,2010-09-12 05:44:00,8.03,0.0,613.0
csands358,181113,3,220,93,27,107,89.24,Female,,1982-12-21,,2009-05-10,2018-05-17 01:17:02,6.97,38.0,5227.0
keiichi-senpai,264786,114,801,4,0,117,393.27,Unknown,,,,2009-12-01,2014-03-19 22:40:00,8.51,145.0,23738.0
Annon,298114,19,194,15,23,54,77.44,Male,"Sweden, Uppsala",1991-01-01,,2010-02-23,1900-05-14 17:06:00,7.03,5.0,4597.0
2Bfreeyumi,5218,2,582,19,30,21,123.28,Female,"Richmond, Virginia",1991-01-09,,2007-06-04,1900-05-16 09:26:00,7.79,18.0,7105.0
knut131,5236871,8,85,1,0,63,22.57,Male,Norway,1994-01-01,,2016-03-03,1900-05-13 13:18:00,7.14,0.0,1326.0
EpiphanE,27978,2,26,0,1,0,22.77,Male,Wisconsin,1987-06-13,,2007-12-26,2015-02-21 10:45:00,7.68,0.0,1372.0
Tonikun,103639,1,123,1,6,0,62.17,Male,"Castellon, Spain",1977-01-01,,2008-10-10,2009-05-30 14:21:00,7.06,18.0,3689.0
Arjman89,1193945,7,339,30,0,221,71.49,Male,Sacramento,1989-04-10,,2012-03-11,1900-05-16 04:39:00,7.81,240.0,3112.0
NoyChan,5130,16,217,1,6,12,74.34,Female,behind you~~~,1994-08-29,,2007-06-03,2010-10-31 11:43:00,7.74,0.0,4414.0
s1ckb0y,5628849,3,105,0,2,6,24.84,Male,Brazil,,,2016-08-16,2018-05-15 19:30:00,7.05,0.0,1462.0
NoHealz4U,3056639,4,415,0,0,92,167.73,Male,"Salt Lake City, Utah",1992-09-04,,2013-08-16,1900-04-10 20:10:00,7.45,0.0,10228.0
blurubberlizard,6739458,8,61,0,0,0,15.54,Unknown,,,,2017-11-16,2018-05-18 03:06:50,8.39,0.0,1080.0
Ryoko-chan,21227,41,302,24,5,72,83.3,Female,,,,2007-11-11,1900-04-28 12:36:00,8.94,12.0,4940.0
saekosan,390451,5,490,12,5,437,160.93,Male,,1987-03-22,,2010-10-02,1900-04-29 03:33:00,6.97,26.0,9636.0
LordKinguio,7207226,8,28,1,1,17,29.69,Male,São Paulo,2000-02-19,,2018-04-26,2018-05-18 06:06:56,8.08,0.0,1781.0
JCano,7050414,65,37,0,0,194,10.35,Unknown,,,,2018-03-11,2018-05-18 09:06:58,8.92,0.0,609.0
LsCapricorn,1114015,1,33,0,0,3,27.45,Male,,1990-01-02,,2012-01-21,2012-08-29 22:43:00,9.5,12.0,1594.0
sayi_shishioh,281823,5,327,3,0,22,93.63,Male,"Johnstown,  Pennslyvania",1993-04-21,,2010-01-12,2014-11-24 10:18:00,8.78,3.0,5533.0
Erzo,1103743,27,624,13,11,21,113.53,Male,,1995-05-21,,2012-01-14,1900-05-12 18:18:00,7.2,0.0,7314.0
midnightotaku17,2604995,2,165,21,11,57,38.25,Unknown,,,,2013-05-22,2017-12-02 08:42:00,7.37,0.0,2500.0
Inaho,128742,3,142,0,0,0,40.72,Female,,1991-08-03,,2008-12-30,2016-10-30 07:58:00,8.93,12.0,2703.0
Tiazmer,182751,19,278,96,9,141,106.22,Male,Sweden,1982-09-17,,2009-05-15,1900-05-07 09:15:00,6.63,24.0,6165.0
Hinataata,2079537,0,228,0,0,0,105.62,Unknown,,,,2013-01-23,1900-03-19 14:27:00,8.56,0.0,6249.0
fenali,39882,0,85,15,10,83,22.9,Unknown,Canada,,,2008-02-27,2017-09-26 16:43:00,7.71,0.0,1346.0
The_Star,475731,51,263,36,1,226,74.95,Female,Germany,,,2011-04-18,2018-05-17 14:49:00,7.38,3.0,4439.0
Theosid,179098,9,296,16,0,34,103.88,Male,,1996-06-11,,2009-05-05,2014-11-09 10:21:00,7.81,13.0,6172.0
Anned,1451467,62,129,17,7,21,76.79,Male,,1991-08-07,,2012-08-11,1900-03-24 15:38:00,8.53,3.0,4632.0
marisamaribel,349233,3,32,0,1,1,14.7,Female,"Jacksonville, Florida",1991-11-13,,2010-07-01,2010-07-09 14:33:00,7.94,0.0,928.0
MightyDrill,260266,5,17,7,2,16,14.56,Male,,1992-04-11,,2009-11-18,2010-06-22 05:31:00,9.18,17.0,795.0
1ceangel,62957,7,48,25,4,39,17.21,Female,"Newcastle, England",1993-03-30,,2008-05-23,2016-08-23 14:55:00,8.74,12.0,965.0
yaoist,5418141,27,171,18,21,590,38.78,Unknown,,,,2016-05-18,1900-04-28 09:35:00,8.34,7.0,2441.0
skullblade169,878547,13,72,5,4,72,54.56,Male,,1990-07-13,,2011-11-04,1900-04-14 20:57:00,7.91,12.0,3259.0
Mewixi,779981,5,73,6,20,16,33.06,Female,"Brisbane, Australia",1996-03-29,,2011-10-20,2017-12-18 04:30:00,7.9,5.0,1973.0
LoneCrow,1351573,18,183,16,0,48,37.23,Male,Malaysia,1995-02-08,,2012-06-18,2016-09-21 12:01:00,7.67,8.0,2232.0
Blareot,452367,31,784,16,34,123,172.34,Male,Sevilla,1994-09-09,,2011-02-22,2018-05-16 00:13:09,7.66,3.0,11181.0
LunatikPriest,454119,8,383,0,0,24,102.72,Unknown,,,,2011-02-26,2018-05-14 19:14:09,8.71,29.0,5940.0
coronene,205387,17,502,23,29,46,125.16,Non-Binary,Berlin,1991-03-01,,2009-07-10,1900-05-16 20:15:00,5.84,45.0,7470.0
V2Blast,134641,0,282,8,6,588,74.15,Male,,,,2009-01-13,1900-05-11 01:06:00,7.16,19.0,4487.0
Milyra,476352,5,227,4,144,165,90.03,Female,,1991-01-01,,2011-04-19,1900-05-08 02:25:00,6.42,29.0,5351.0
esotericarson,5588528,1,44,3,7,11,17.4,Unknown,,,,2016-07-29,2017-01-04 23:33:00,6.85,0.0,1018.0
YourHellaKouhai,5067089,0,72,2,10,82,15.91,Female,Canada,2000-12-11,,2015-12-21,2016-07-01 19:28:00,6.69,0.0,998.0
lobotomoy,165981,3,239,58,7,37,50.03,Unknown,,,,2009-04-02,2018-05-17 09:58:00,7.69,0.0,3295.0
Yostiq,4683648,12,235,100,23,159,82.69,Male,"Inside, Home",1999-09-05,,2015-06-18,2018-05-18 10:07:22,8.12,8.0,5129.0
hana_haruka,2120443,21,110,0,0,4,67.71,Female,turkey,1993-06-28,,2013-02-01,2016-02-03 14:06:00,7.96,0.0,4062.0
Aii-Yuu,6599527,13,291,2,40,32,144.39,Unknown,"Gangnam, Seoul",1994-07-12,,2017-10-01,2017-11-02 14:02:00,7.85,0.0,8700.0
TheBlueSpirit,3299725,74,52,4,4,163,13.62,Male,,1994-11-12,,2013-10-27,1900-01-04 23:14:00,7.76,0.0,836.0
Kassad10,293676,13,134,3,6,51,40.74,Male,,1993-05-31,,2010-02-12,2017-03-22 14:59:00,8.36,8.0,2423.0
Yagami_Raito8920,103316,57,292,2,17,11,97.15,Male,Wałbrzych,1989-01-05,,2008-10-09,1900-03-25 01:48:00,6.68,0.0,5681.0
Ika_BakaKu,32254,23,223,10,1,7,116.64,Female,Under ur Bed,1984-08-28,,2008-01-19,1900-04-18 01:43:00,8.62,113.0,6805.0
Aikute,264330,29,348,0,0,30,93.08,Female,Lithuania,1994-02-20,,2009-11-30,2015-04-27 14:59:00,8.57,0.0,5648.0
Nickyz,451467,4,67,1,2,20,52.3,Male,Brussels,1992-03-28,,2011-02-20,2013-09-02 03:09:00,7.92,0.0,3109.0
javziz,5399255,13,202,1,4,57,70.19,Unknown,,,,2016-05-09,1900-05-07 03:05:00,6.1,0.0,4358.0
teababe27,261082,9,279,88,23,818,79.5,Non-Binary,New York,1991-10-27,,2009-11-21,2018-05-18 02:07:33,7.05,30.0,4726.0
Gegec,257024,40,452,14,0,22,95.06,Male,Hungary,,,2009-11-09,1900-04-14 07:48:00,7.73,78.0,6057.0
sachikosama,448376,0,18,0,3,0,5.37,Female,"Istanbul, TR",1984-01-04,,2011-02-13,2011-03-14 03:25:00,7.9,0.0,318.0
Emotocon,348264,7,210,24,9,56,95.64,Male,"Calgary, Alberta",1993-03-09,,2010-06-29,1900-05-11 12:57:00,7.23,14.0,5702.0
Sama,20292,82,227,92,21,14,86.11,Female,,1988-03-26,,2007-11-05,1900-05-14 14:49:00,8.06,34.0,5262.0
dackdackromain,371970,6,115,2,20,45,35.47,Male,,,,2010-08-19,2017-09-05 11:45:00,7.14,0.0,1979.0
schmyke,372505,4,105,10,2,3,44.08,Male,Leicestershire,1992-06-14,,2010-08-20,2013-11-21 16:28:00,7.48,0.0,2506.0
werelly,469496,11,170,0,0,47,44.19,Female,"Russia, Komsomolsk-on-Amur",1994-07-20,,2011-04-03,1900-04-12 08:27:00,9.49,0.0,2656.0
ikazuuyr,499571,17,66,5,3,177,34.15,Female,,,,2011-06-16,1900-03-24 10:41:00,7.43,6.0,2042.0
Astharoshe,420942,5,339,7,5,106,71.86,Female,"Jeseník, Czech Republic",1984-12-27,,2010-12-17,2017-02-05 09:16:00,7.8,0.0,4149.0
pocket246,3932391,14,71,2,0,46,15.84,Male,Germany,,,2014-07-16,2016-01-16 07:07:00,7.65,0.0,926.0
Jel,92339,10,316,28,34,134,78.32,Female,,,,2008-09-05,1900-04-09 19:17:00,7.94,14.0,4712.0
trishhy,11164,15,127,19,48,47,38.22,Female,,,,2007-08-25,1900-05-16 22:10:00,7.25,15.0,2399.0
ThinkOverpwrd,5581003,11,232,6,3,9,67.22,Male,New York,,,2016-07-26,2017-08-11 20:15:00,7.92,0.0,3994.0
Hizome,277962,2,54,3,4,4,29.56,Female,,,,2010-01-03,2010-06-04 07:49:00,8.81,11.0,1769.0
delaneysloane,4287531,45,295,32,33,86,81.81,Female,California,1997-05-21,,2014-11-29,1900-01-05 20:12:00,6.62,21.0,5135.0
KimmyChii,432938,18,514,23,1,363,92.38,Female,,1994-07-05,,2011-01-10,2018-05-17 09:08:00,7.56,15.0,6262.0
SlicedLemon,325229,24,109,42,27,2,29.31,Male,Australia,,,2010-05-06,2013-07-05 08:29:00,7.97,13.0,1738.0
Tempest_Angel,47680,130,200,6,2,644,43.82,Male,"Manchester, UK",1981-10-16,,2008-04-03,2018-05-18 11:46:01,8.78,32.0,2519.0
MotoLala,3860707,32,546,0,0,239,142.44,Male,"pakistan, karachi",1996-08-10,,2014-06-21,1900-05-11 22:31:00,10.0,0.0,9340.0
AmandaPanda,337491,5,195,2,1,7,58.7,Female,"Azusa, California",1994-07-28,,2010-06-05,2017-12-03 01:52:00,8.58,0.0,3499.0
herogian,197746,20,193,2,16,10,73.74,Male,"Reggio Emilia, Italia",1991-04-24,,2009-06-23,1900-04-27 01:37:00,7.34,0.0,4346.0
cannibalbuffet,530105,2,116,0,0,19,47.72,Female,"Tallahassee, Florida",1990-11-22,,2011-07-31,2017-05-03 11:19:00,7.51,0.0,2757.0
Kakuman1995,6016442,7,22,2,3,61,10.38,Male,034,2000-05-01,,2017-01-29,1900-05-16 16:42:00,6.83,0.0,629.0
Lambdaa-,3033233,43,448,52,72,155,141.62,Male,"Ho-kago Tea Time, Malaysia",,,2013-08-12,2018-05-17 07:45:00,7.63,71.0,8636.0
HalloweeNx31,2520845,35,278,15,1,1804,59.77,Male,"Constanta, Romania",1997-10-31,,2013-05-03,2015-08-05 13:15:00,7.85,23.0,3803.0
AthenaGlory,49664,3,57,0,0,2,15.96,Female,Monokuro Sekai,,,2008-04-08,2013-01-17 16:49:00,8.55,13.0,936.0
Zyx66,356710,6,75,3,6,14,82.79,Male,,1995-08-10,,2010-07-17,2017-11-19 06:53:00,8.63,0.0,5969.0
Kilaa,96556,11,245,2,7,4,138.52,Male,Aachen,1990-03-19,,2008-09-20,2009-01-19 07:45:00,7.32,43.0,8040.0
Onmogeloos,4618056,11,149,6,19,5,82.51,Male,,1999-12-14,,2015-05-16,2018-05-17 11:10:10,6.62,1.0,4962.0
meikira14,129727,14,69,8,0,83,47.32,Female,,1993-05-27,,2009-01-01,2016-11-30 22:10:00,7.82,0.0,2823.0
machocka,403229,25,265,0,0,142,105.75,Male,,1994-10-23,,2010-11-02,1900-05-14 13:09:00,7.84,10.0,6235.0
SugaSwish,431748,16,25,0,0,21,7.78,Male,Middlesbrough,1993-07-29,,2011-01-08,2011-06-16 14:28:00,10.0,0.0,466.0
My_Love_Emilia,4468359,1,388,0,0,12,154.95,Male,Austria (Vorarlberg),1995-01-04,,2015-02-15,2018-05-18 12:08:25,4.89,44.0,9244.0
flyingpardin,361903,17,207,21,130,44,119.46,Female,"Glasgow, Scotland",1994-06-10,,2010-07-28,2017-05-13 08:45:00,7.43,19.0,7297.0
jetman,17201,29,118,9,10,551,50.93,Male,,1989-09-12,,2007-10-14,2017-10-15 13:36:00,8.34,3.0,2939.0
Hakai-kun,4723506,12,178,1,6,27,80.33,Male,,1999-09-20,,2015-07-06,2018-05-17 14:59:00,8.12,0.0,4765.0
PumpkinWood,650301,5,171,12,16,80,84.16,Unknown,Neptune,1996-09-01,,2011-09-26,2018-05-17 05:54:46,6.58,73.0,4896.0
pais523101,194564,7,78,4,7,6,34.23,Female,"edmonton, albeart",1994-01-03,,2009-06-15,1900-01-28 12:19:00,7.76,31.0,1945.0
animefanny,114358,5,33,5,3,14,19.42,Female,,1993-09-27,,2008-11-14,2008-12-09 17:43:00,8.63,0.0,1139.0
alexeatsspam,469855,9,81,8,20,64,22.99,Male,,,,2011-04-04,2014-01-18 21:17:00,6.66,3.0,1310.0
mgame2k,1800,7,922,17,0,47,265.85,Unknown,,,,2007-01-28,2017-03-22 23:08:00,8.04,0.0,15472.0
Taiga-Hrk,367446,28,125,1,6,81,98.65,Male,"Toulon, France",1991-01-21,,2010-08-09,1900-05-13 15:46:00,8.94,129.0,5840.0
Pajmas,2556851,23,245,7,11,290,107.08,Male,Poland Kedzierzyn-Koźle,1997-10-01,,2013-05-12,1900-05-14 11:58:00,6.07,4.0,6328.0
Mythicaltrebi,1968736,7,257,19,13,21,100.36,Male,Norway,1993-11-24,,2012-12-30,1900-04-19 12:50:00,7.82,0.0,6002.0
Bruno2001,6329728,6,85,0,5,1,22.79,Unknown,,,,2017-06-19,1900-05-09 13:30:00,6.98,0.0,1350.0
Tsumikii,244747,57,31,6,2,70,6.8,Female,,,,2009-10-10,2013-02-03 02:03:00,7.97,0.0,455.0
kuras234,216369,24,419,18,42,39,94.89,Unknown,,,,2009-08-04,2015-11-06 11:57:00,7.9,0.0,5939.0
Animedaoly,5502296,6,94,0,0,3,61.45,Male,,2000-08-09,,2016-06-25,1900-04-03 14:32:00,7.94,0.0,3704.0
Twice,687,6,194,1,9,2,90.54,Male,Sweden,1985-11-12,,2006-08-26,2009-08-11 16:46:00,7.49,99.0,5293.0
Mazereon,6680676,2,86,38,5,210,18.18,Male,Philippines,1998-07-31,,2017-10-27,2018-05-15 17:12:44,8.29,0.0,1123.0
Diana_Sofia,4956879,12,141,5,0,0,30.78,Female,"Zaporizhia, Zaporiz'ka oblast, Ukraine",1998-06-10,,2015-10-26,2018-05-17 01:57:00,6.56,0.0,1863.0
ErenJaeger95,4471243,13,103,14,2,129,85.24,Male,Deutschland,1995-02-28,,2015-02-17,2017-05-14 23:10:00,7.42,14.0,5113.0
KyousukeLove,503383,19,421,39,13,822,143.13,Male,Academy City,1994-07-18,,2011-06-25,2013-12-08 09:34:00,8.09,0.0,8810.0
Anilapse,4317045,1,264,7,2,84,101.26,Unknown,The Nothing,1989-11-15,,2014-12-12,1900-02-16 19:23:00,7.04,0.0,5934.0
carlosedic_,5090435,8,191,4,1,48,68.77,Unknown,,,,2015-12-31,2018-05-17 07:31:34,8.18,59.0,4144.0
AgustDK,3180175,3,190,14,0,198,180.64,Female,Mystic Messenger + OT5 Hell ♥,1994-05-17,,2013-09-21,1900-02-07 19:20:00,8.68,88.0,10678.0
Estenall,5421303,18,160,35,4,185,28.09,Female,"Bydgoszcz, Poland",1997-07-22,,2016-05-20,1900-05-15 14:45:00,7.45,2.0,1889.0
chaogarden,162701,17,62,14,2,88,28.03,Unknown,,1994-06-17,,2009-03-24,1900-02-08 11:14:00,7.63,5.0,1650.0
Nathalie_,300225,4,60,6,2,11,30.66,Female,"Sofia,Bulgaria",1988-05-28,,2010-03-01,2010-08-06 06:19:00,8.67,0.0,1932.0
Aleksandar1337,6075731,7,50,5,4,282,25.94,Male,Serbia/Pozarevac 077,2003-05-04,,2017-02-27,2018-05-18 07:09:02,7.09,2.0,1531.0
facundoj,4509838,4,161,0,9,47,47.77,Male,"Buenos Aires, Argentina",2002-07-06,,2015-03-20,1900-05-13 16:47:00,8.04,19.0,2769.0
kingriq45,4487705,12,224,3,1,175,23.91,Male,,1999-03-03,,2015-03-02,2018-05-15 07:09:00,8.42,5.0,1441.0
VenatorUpgraded,1495481,5,72,0,1,3,41.11,Male,"Imotski, Croatia",1990-11-16,,2012-09-04,2016-11-20 05:04:00,7.96,0.0,2413.0
_Edwards-kun_,176755,5,274,17,2,75,121.19,Male,"Santiago, Chile",1993-08-31,,2009-04-29,1900-04-29 08:22:00,7.52,51.0,7020.0
ArKnar,3711293,36,943,13,150,162,236.15,Male,France ,,,2014-04-18,2018-05-18 01:09:05,7.13,31.0,14534.0
Ilardii,4614676,51,607,2,6,135,182.85,Male,"Manila,Philipines",1996-09-11,,2015-05-14,1900-04-23 22:04:00,7.48,0.0,11268.0
FioutueGeek,58759,7,110,27,20,0,60.77,Female,"Rennes, Paris, France",1989-01-04,,2008-05-07,2009-09-26 02:40:00,7.37,35.0,3613.0
Nezerchin,64728,22,243,56,47,49,89.48,Male,"Lexington Park, MD",1986-11-12,,2008-05-30,2010-08-25 13:19:00,7.17,22.0,5149.0
NhatJoestar,5239080,7,197,13,43,160,85.47,Male,"Germany, Düsseldorf",2000-06-24,,2016-03-04,1900-05-11 12:17:00,6.22,16.0,4955.0
Andaroo,17797,10,31,0,0,1,12.75,Unknown,,,,2007-10-19,2009-09-25 21:35:00,9.44,15.0,744.0
I2oja,1718001,5,157,0,9,19,556.24,Male,"Udine, Italy",1991-12-27,,2012-11-02,2015-03-26 06:33:00,7.3,0.0,10588.0
Natsuru-chan,394031,5,52,2,4,40,13.75,Unknown,Lublin,1996-02-01,,2010-10-10,2011-04-24 01:05:00,8.67,0.0,814.0
Heechan,357813,36,1165,48,71,94,307.54,Male,,1988-04-11,,2010-07-19,2018-05-14 10:58:00,8.89,14.0,18575.0
GooD_LucK,4105329,35,770,43,140,124,349.2,Male,"Murcia, España",1996-11-20,,2014-09-17,2018-05-18 12:09:13,6.42,157.0,21766.0
kutsuu,52850,13,167,40,30,8,62.8,Male,Sweden,,,2008-04-14,2010-01-06 10:49:00,6.96,0.0,3657.0
Sunset060,3032857,5,239,18,12,659,74.62,Female,Poland,,,2013-08-12,1900-04-18 10:13:00,7.38,93.0,4495.0
Zensational,103267,67,284,4,0,140,74.88,Unknown,,,,2008-10-09,1900-04-24 00:42:00,7.8,0.0,4316.0
Lady_Tatih,1267745,2,75,4,6,4,35.91,Female,,,,2012-04-22,2015-05-01 23:13:00,7.45,0.0,2148.0
Ffwah,410300,12,74,13,2,45,27.74,Female,"Philadelphia-ish, PA",1993-05-07,,2010-11-20,2017-09-09 23:18:00,7.97,1.0,1577.0
mruuczek,1979460,53,136,1,0,480,40.49,Female,Opole,1989-04-08,,2013-01-02,2016-05-18 13:35:00,8.45,0.0,2458.0
Snfreweh,63020,10,118,14,5,50,58.37,Male,Washington,1993-05-01,,2008-05-23,1900-04-23 22:31:00,7.3,5.0,3573.0
Michales,484095,25,265,5,1,94,236.91,Male,"Sopot, Poland",1996-01-12,,2011-05-08,2016-11-25 13:54:00,7.69,185.0,133765.0
atatakaihito,1849084,12,24,1,0,21,7.49,Female,"Manchester, UK",,,2012-12-03,1900-05-08 16:34:00,9.73,3.0,427.0
sundero,4660326,4,27,4,5,2,24.59,Male,,1997-03-26,,2015-06-06,2017-10-05 20:08:00,8.82,10.0,1473.0
LadyKatara,864299,36,381,0,0,740,108.79,Male,"Lawrenceville, New Jersey",1991-09-24,,2011-11-02,1900-05-08 09:06:00,7.92,35.0,6850.0
Rei_NERV,174124,7,34,2,0,15,40.34,Male,"Kastoria, Greece",1992-07-21,,2009-04-23,2010-11-23 04:17:00,8.11,11.0,2412.0
Double-D,1363965,8,91,1,13,96,42.19,Male,,1997-01-01,,2012-06-25,2017-03-02 12:24:00,7.46,0.0,2483.0
Guiden,17529,39,246,7,35,24,126.07,Male,New York,1992-01-01,,2007-10-17,2016-06-11 01:54:00,6.97,21.0,7452.0
Kokoro_Inuzuka,2558385,80,331,25,13,114,130.29,Female,Texas,1994-03-11,,2013-05-12,2018-05-17 03:01:16,7.53,22.0,7982.0
boonannerz,6195815,3,124,0,6,0,34.22,Unknown,,,,2017-04-20,1900-03-10 09:56:00,6.77,0.0,2031.0
FourBar,6322007,13,70,0,3,15,19.32,Male,BeanerLand,2000-01-08,,2017-06-16,1900-05-12 21:17:00,7.36,0.0,1130.0
xyberangel,246674,15,81,6,3,89,55.28,Unknown,,,,2009-10-15,1900-01-13 13:55:00,8.4,0.0,3309.0
Pakt,291482,2,189,2,0,74,93.09,Male,"Poznań, Poland",1992-12-25,,2010-02-06,1900-05-03 02:51:00,8.38,0.0,5593.0
nasijia,843003,2,112,0,24,31,52.38,Female,,1987-08-15,,2011-10-30,2015-01-15 01:29:00,7.83,0.0,3123.0
andypnuts,384904,8,177,2,7,101,35.38,Male,"Vitória da conquista, Brazil",1988-10-30,,2010-09-18,2018-05-17 09:38:00,8.33,9.0,2053.0
Pepoo,4835055,26,210,9,3,114,58.52,Male,,1997-04-26,,2015-08-24,2018-05-18 02:09:35,8.01,0.0,3531.0
faresbrk,5649244,21,134,3,2,366,51.23,Male,Tunis Tunisia,2000-03-24,,2016-08-25,2018-05-17 14:09:00,7.57,0.0,2997.0
coraz0n,4155455,7,242,11,9,111,83.48,Female,"Arendal / Froland, Norway",1994-02-07,,2014-10-06,1900-05-11 04:36:00,6.97,9.0,5095.0
KamiyaYoriko,81767,1,133,12,10,12,35.63,Female,Hungary,1990-01-24,,2008-08-01,2017-03-27 02:45:00,6.72,2.0,2185.0
madziak,323337,56,98,0,16,53,28.44,Female,Warsaw,1992-04-28,,2010-05-01,2014-09-07 09:38:00,8.26,0.0,1873.0
Mitzia,1087343,48,882,5,0,1509,171.45,Female,"Bethlehem, Pennsylvania",1999-12-13,,2012-01-03,1900-05-15 09:08:00,8.15,0.0,10657.0
camilamlutz,2794313,7,63,0,0,16,26.08,Female,"Maceió, Alagoas",1997-06-06,,2013-06-30,1900-05-11 17:17:00,7.94,0.0,1588.0
dacer22,6222209,5,134,0,0,0,33.75,Male,"Hannover, Germany",1997-11-15,,2017-05-02,1900-05-09 12:41:00,6.92,0.0,2022.0
kira_is_justice,151967,20,16,3,1,5,16.58,Female,,,,2009-02-20,2012-09-27 19:29:00,8.08,0.0,979.0
sythinfinous,349889,16,231,0,5,11,82.67,Male,"Toronto, Ontario",1993-10-26,,2010-07-03,2017-11-02 19:09:00,8.13,0.0,4977.0
FatumPL,184446,4,46,2,69,6,34.36,Female,"Warsaw, Mazowieckie",,,2009-05-20,2012-11-16 02:06:00,5.07,56.0,2692.0
Shiririin,3539071,20,639,19,0,248,104.32,Female,Hope's peak Academy,1999-02-23,,2014-01-31,1900-05-13 10:17:00,7.24,0.0,7090.0
Wurffl,5698515,1,77,3,11,6,22.81,Male,"Baden-Würtemberg, Germany",1995-11-28,,2016-09-15,1900-01-16 13:10:00,7.3,0.0,1302.0
Victor2B,1228053,7,33,3,0,1,7.01,Male,,,,2012-04-02,2017-05-26 16:52:00,8.38,0.0,420.0
Dith,28800,26,215,60,2,78,101.74,Male,New York,1990-09-05,,2007-12-31,2010-09-21 17:57:00,8.29,3.0,6073.0
Preath,1636999,36,80,7,2,66,17.76,Male,Sweden,1992-04-08,,2012-10-14,2017-08-26 16:56:00,8.58,0.0,1027.0
UnNatural,1407861,44,564,41,35,143,170.58,Male,"United States, Earth",1991-12-28,,2012-07-20,1900-05-14 10:55:00,7.29,0.0,10139.0
Anarki87,256558,12,119,4,6,16,48.05,Male,"Erie, Pennsylvania",1987-06-21,,2009-11-08,2015-12-19 05:25:00,7.3,26.0,2827.0
KagomesLuvr2789,30399,19,323,14,21,250,137.98,Male,"Chicago, Illinois",1991-03-02,,2008-01-08,1900-05-11 01:53:00,6.54,69.0,8320.0
the-dork_knight,1072139,4,115,12,2,20,33.76,Female,Arkham Asylum,1992-04-01,,2011-12-23,2016-04-19 22:58:00,8.06,0.0,2001.0
Nomiko,375204,9,72,15,5,110,37.22,Female,North America,1996-10-03,,2010-08-26,2017-08-01 01:18:00,8.94,49.0,2130.0
1gor,6101150,4,65,0,8,6,59.25,Male,,1998-08-27,,2017-03-12,2018-05-15 17:51:02,6.91,0.0,3585.0
Jesuistygrr,5147165,23,106,1,8,28,48.44,Unknown,,,,2016-01-21,1900-01-05 01:49:00,7.74,0.0,2966.0
Airedae,1070623,0,253,8,0,18,55.31,Male,"Surabaya, Indonesia",1993-04-10,,2011-12-22,2013-05-07 21:35:00,7.37,0.0,3338.0
luishiny,462660,3,103,1,0,1,56.83,Male,Rio grande do sul-brasil,1996-06-14,,2011-03-17,2013-12-30 07:13:00,8.97,0.0,3404.0
forsecond,397653,14,94,0,17,95,38.62,Male,Bulgaria,1994-07-07,,2010-10-19,2015-09-20 10:50:00,7.2,0.0,2313.0
Holland_Novak909,1292501,3,34,0,0,40,15.67,Male,"Sellersburg, IN",1992-02-05,,2012-05-07,2014-12-31 12:14:00,9.7,0.0,928.0
DionyZ,20342,14,69,8,10,61,33.74,Male,,1988-01-01,,2007-11-05,2010-06-30 12:49:00,8.08,1.0,2001.0
PTnici,458078,4,35,6,3,11,23.93,Female,,1993-10-12,,2011-03-06,2013-02-28 04:50:00,7.61,0.0,1378.0
Clarkey,188582,5,37,0,0,2,50.34,Male,"Manchester, England",1991-07-28,,2009-05-31,2009-12-06 15:56:00,8.61,63.0,3034.0
Teczero,176808,1,210,19,7,52,71.26,Male,"Newark, New Jersey",1988-08-24,,2009-04-29,2016-11-05 16:07:00,7.97,0.0,4256.0
iCab,246510,7,472,6,35,281,92.69,Male,"Salem, Oregon",1991-05-30,,2009-10-14,2018-05-18 06:09:57,6.88,4.0,5761.0
UmbreonNova,2329737,4,171,33,32,148,79.6,Male,Canada,,,2013-03-21,2018-05-17 09:32:00,7.97,72.0,4518.0
Kuro4735,217341,16,403,29,47,19,139.86,Male,"Atlanta, GA or NY, New York",1991-03-26,,2009-08-06,2016-11-21 20:43:00,7.26,49.0,8006.0
quellian,117649,8,76,4,21,48,35.98,Non-Binary,Dungeons,1988-03-15,,2008-11-25,1900-05-12 03:40:00,7.19,0.0,2171.0
SukieNeko,877,11,312,48,12,25,67.74,Female,"San Jose, California",1989-11-19,,2006-10-01,2016-05-09 21:12:00,7.49,1.0,4089.0
JazzyZee,1524173,34,56,10,2,87,14.5,Female,England,1989-08-07,,2012-09-20,1900-04-22 10:17:00,8.11,0.0,875.0
pippitypip,7056886,0,88,0,1,20,24.3,Female,"Virginia, US",2001-11-03,,2018-03-14,1900-05-11 11:34:00,8.38,18.0,1439.0
Leaann,693583,8,102,12,7,14,29.13,Unknown,,,,2011-10-04,1900-02-17 18:02:00,7.67,4.0,1691.0
KurosakiFlame,61591,3,148,0,4,0,137.18,Male,Santo André,1994-12-23,,2008-05-18,2017-09-07 16:34:00,7.78,45.0,8176.0
OssoDuro,4090819,1,111,4,4,3,50.47,Male,,1999-02-13,,2014-09-11,2018-05-15 20:26:00,7.48,0.0,2963.0
MsTakamasa,357729,10,77,12,12,95,35.56,Female,Moscow,1995-01-11,,2010-07-19,2013-08-08 03:50:00,7.02,0.0,2104.0
Censoredcry,4651575,5,130,0,0,7,38.43,Male,Portugal,2000-03-16,,2015-06-02,2017-09-12 19:23:00,7.64,1.0,2336.0
migadbr,419841,26,234,14,10,209,109.52,Male,"Bilbao, Spain",1994-03-16,,2010-12-14,2018-05-17 02:33:00,8.16,32.0,6270.0
Koetje,43197,10,530,21,15,13,168.74,Male,"Tilburg, The Netherlands",1992-12-17,,2008-03-15,2016-01-14 01:23:00,8.01,39.0,10104.0
onoda,461792,27,322,26,7,46,85.54,Unknown,Philippines,,,2011-03-15,2015-12-11 05:54:00,6.75,1.0,5446.0
HARUKAE,1660219,12,9,2,7,23,25.49,Female,Europe,,,2012-10-19,1900-04-17 13:14:00,6.64,6.0,1563.0
toboesrain,2129539,50,124,20,7,1693,35.42,Female,Canada,,,2013-02-03,1900-05-06 22:28:00,7.05,4.0,2203.0
T4B3RL0,175872,5,48,1,16,5,29.66,Male,LYON,1982-01-11,,2009-04-27,2009-06-20 03:48:00,7.93,0.0,1733.0
Mictyan,1276267,10,149,14,5,31,82.93,Male,Aracaju,1994-03-03,,2012-04-27,1900-03-22 16:05:00,7.79,8.0,4921.0
hammerfallruelz,315871,3,17,0,0,0,8.64,Male,,1991-08-30,,2010-04-12,2010-05-09 12:41:00,7.9,10.0,508.0
EndlessMaria,8308,6,289,0,1,0,103.46,Unknown,,,,2007-07-24,1900-05-10 15:05:00,7.46,0.0,5956.0
tattooedsibyl,81268,23,35,3,8,48,15.81,Female,Canada,,,2008-07-30,2011-01-21 08:10:00,7.77,9.0,867.0
Itachi-san,3011,40,240,37,0,128,67.35,Male,Amsterdam,,,2007-04-10,1900-03-11 15:57:00,6.97,0.0,4110.0
AveXx,3029467,7,129,1,4,35,58.4,Male,,,,2013-08-11,1900-05-10 05:03:00,7.2,6.0,3360.0
AdonisGeorgiadis,4674620,19,828,22,10,471,236.79,Male,Greece,1989-01-01,,2015-06-14,2017-05-11 14:21:00,6.84,89.0,14484.0
ayumisama,107315,9,137,13,0,7,70.97,Female,,1990-05-27,,2008-10-22,2017-12-07 05:34:00,9.39,0.0,4355.0
PatziePatzie,2534807,51,389,22,21,52,229.12,Male,,1996-06-11,,2013-05-07,1900-05-04 09:59:00,7.97,122.0,13764.0
Yuki_Kuran,72014,16,1040,3,0,22,337.47,Female,"California, United States",1990-07-22,,2008-06-27,1900-05-05 23:33:00,7.48,0.0,19988.0
NoRa21,810733,6,78,5,5,1,58.01,Female,"Madrid, España",1995-09-21,,2011-10-25,2012-08-17 03:58:00,8.3,0.0,3464.0
krzyk19ochan88,281244,22,283,4,6,111,63.93,Male,"Olsztyn, Poland",1988-10-24,,2010-01-10,2018-05-18 10:10:42,7.18,0.0,3701.0
Sizano,5824276,3,203,10,13,5,68.11,Unknown,Germany,1997-01-01,,2016-11-07,1900-01-02 04:08:00,7.55,0.0,4447.0
iKotatsu,1366811,32,525,20,17,58,228.82,Male,Canada,,,2012-06-27,2017-12-29 17:41:00,7.27,21.0,13488.0
HJWeasel,60895,4,70,12,10,11,18.29,Male,Cybertron,1987-12-26,,2008-05-16,2011-12-05 12:26:00,7.43,0.0,998.0
labantnet,157638,19,155,13,20,65,55.62,Male,"Minneapolis, Minnesota",1982-09-03,,2009-03-09,2017-09-01 22:07:00,7.02,14.0,3151.0
ittheclown,41038,31,138,5,6,122,44.32,Female,,,,2008-03-04,2017-06-18 12:39:00,7.6,0.0,2643.0
irbis,424724,53,1109,7,2,322,333.07,Unknown,,,,2010-12-26,2018-05-15 02:10:21,7.2,34.0,19526.0
Sinope_K,500303,44,181,69,6,55,96.37,Female,France,1997-05-24,,2011-06-18,1900-05-13 14:47:00,6.89,6.0,5802.0
Tweedle_Dum,352763,14,231,13,9,7,121.29,Male,Wonderland,1994-09-11,,2010-07-09,1900-01-26 06:13:00,8.21,61.0,7339.0
ssmarko,951599,23,194,30,6,96,63.26,Unknown,,,,2011-11-15,1900-05-09 15:12:00,7.78,65.0,3930.0
PurpsChan,5637230,10,31,0,0,0,12.37,Female,,1996-04-08,,2016-08-20,2017-01-04 20:19:00,8.0,0.0,734.0
eddyak,69410,33,547,46,165,422,145.75,Male,London,1991-06-19,,2008-06-18,1900-05-12 15:57:00,7.35,36.0,8532.0
mellow-osity,41656,23,125,5,11,31,37.02,Female,"Philadelphia, PA",1986-02-27,,2008-03-07,2017-08-28 20:29:00,8.23,23.0,2112.0
karrih,43584,8,69,11,11,162,33.28,Unknown,,,,2008-03-17,1900-04-29 15:14:00,8.34,3.0,2035.0
Peacemakerno56,6806578,2,31,0,0,6,3.67,Unknown,,,,2017-12-15,1900-04-27 01:11:00,9.03,0.0,282.0
Hiza-Chan,55226,64,229,49,52,135,95.29,Female,Somewhere in the US,1990-03-21,,2008-04-22,1900-05-09 21:33:00,7.86,71.0,5433.0
OneLastShot,39481,7,45,3,2,4,42.17,Female,Sweden,1990-09-22,,2008-02-25,2013-05-31 15:31:00,6.8,38.0,2399.0
gigiinwonderland,5576400,4,154,0,1,49,43.13,Female,United States,,,2016-07-24,2018-05-17 06:09:00,7.43,10.0,2724.0
APVersion1,206184,8,74,21,13,0,37.25,Unknown,,,,2009-07-11,2013-06-26 19:10:00,7.51,0.0,2190.0
Momokolo,2855169,37,520,61,0,318,164.61,Unknown,Portugal,,,2013-07-11,1900-05-13 20:36:00,7.47,5.0,10080.0
bl00dgr00ve,99562,19,144,24,30,55,77.2,Male,,,,2008-09-28,2016-09-28 10:15:00,6.87,43.0,4581.0
kyuketsuki284,5903056,7,134,14,3,98,37.89,Male,"Ho Chi Minh, Viet Nam",1994-04-28,,2016-12-15,1900-04-29 01:20:00,6.95,0.0,2234.0
Bevarii,116880,5,105,18,16,129,30.26,Female,The Netherlands,,,2008-11-23,2018-05-15 00:20:59,7.52,2.0,2027.0
zuzoa,83222,9,292,17,30,12,75.11,Female,USA,1991-04-13,,2008-08-05,1900-05-03 15:23:00,7.37,7.0,4519.0
Animeluvful,326033,38,90,11,2,18,79.3,Female,UK,1995-08-21,,2010-05-08,2016-10-22 02:48:00,9.23,0.0,4729.0
Forough,29909,6,102,4,6,28,45.93,Male,"Toronto, Ontario",,,2008-01-06,2008-12-12 01:46:00,7.86,5.0,2733.0
Kaiser-CI,92250,5,115,3,3,11,42.06,Male,Mexico,1990-03-03,,2008-09-05,2009-11-20 15:47:00,8.69,3.0,2493.0
Kuma15,4121227,59,119,34,4,169,50.65,Male,,1992-08-15,,2014-09-24,2018-05-18 02:11:11,8.25,0.0,3009.0
HE_HATES_IT,6121493,16,94,12,11,152,47.56,Male,,,,2017-03-22,2018-05-14 22:59:15,7.83,0.0,2810.0
aaron555prime,4351395,16,103,0,1,61,48.68,Unknown,,,,2014-12-26,1900-04-03 14:04:00,7.44,0.0,2885.0
Nacil,512243,2,317,10,3,52,84.12,Male,,1989-01-01,,2011-07-12,2017-01-09 14:36:00,6.62,17.0,4952.0
Panos_13,4697175,2,99,1,1,15,73.23,Male,"Greece , Athens",1992-06-02,,2015-06-25,2017-12-10 04:45:00,8.04,0.0,4392.0
Shin4869,263301,194,573,8,6,152,448.56,Male,"Bielefeld, Germany",1987-10-30,,2009-11-27,2018-05-15 21:43:46,8.58,278.0,25999.0
CynicalHater,3923483,6,87,8,21,45,40.37,Male,,1966-06-06,,2014-07-13,1900-04-21 20:25:00,7.78,1.0,2314.0
madmanlee,225599,10,165,16,4,84,50.31,Male,Singapore,1993-11-07,,2009-08-25,2017-06-06 03:07:00,7.94,0.0,3028.0
EelWael,3700029,1,68,0,0,9,22.06,Male,,,,2014-04-13,2017-10-25 09:36:00,7.94,1.0,1271.0
FinalShadows,22829,3,59,10,4,5,24.14,Unknown,,,,2007-11-20,2008-06-09 22:40:00,7.61,0.0,1412.0
helium9100,511581,18,521,57,32,142,137.18,Male,"Ludvika, Dalarna",,,2011-07-11,2018-05-13 14:29:00,7.28,40.0,8724.0
GothicLust,30532,2,41,32,22,150,10.5,Female,"Tucson, Arizona",1987-04-09,,2008-01-09,2013-12-01 21:09:00,6.11,0.0,599.0
Dead-Dreaming,207982,8,146,16,3,86,46.56,Male,"Saint-Petersburg, Russia",1995-12-25,,2009-07-15,2014-05-02 11:42:00,7.62,22.0,2701.0
sidew,184894,17,175,37,16,16,75.1,Unknown,,,,2009-05-21,2011-09-20 15:00:00,6.49,51.0,4571.0
Thay_Tsukiyomi,1131697,8,654,6,0,132,229.17,Female,"Santa Catarina, Brasil",1995-05-29,,2012-02-03,2018-05-18 03:11:26,7.98,393.0,14400.0
Engels,3122943,73,206,49,17,112,85.54,Male,Baltimore County,1997-10-06,,2013-09-06,1900-02-25 18:56:00,7.76,34.0,5145.0
Pyro451,5069470,22,150,9,2,51,43.34,Male,"Dallas, Texas",1994-07-19,,2015-12-22,2017-02-19 21:41:00,7.41,5.0,2857.0
Gonz4lez,4688667,5,33,1,0,31,8.33,Male,"Sintra, Portugal",1999-04-24,,2015-06-21,1900-02-06 09:49:00,8.54,0.0,544.0
heldt64,387430,22,290,2,3,73,85.72,Male,secret,1995-06-25,,2010-09-24,1900-04-16 16:23:00,7.93,0.0,5158.0
May_seth14,110220,11,55,6,0,4,70.16,Female,"Morelia, Mexico",1994-08-17,,2008-10-31,2009-05-07 13:41:00,8.96,111.0,4156.0
mattering,78706,21,275,0,4,45,76.7,Male,California,1994-10-18,,2008-07-22,2018-05-18 05:11:32,9.31,0.0,4632.0
ViAshLive,567207,8,81,0,1,2,32.43,Male,,,,2011-09-06,2012-11-27 09:05:00,8.0,0.0,1904.0
Pullman,294198,39,4137,6,93,527,453.05,Male,At the Bottom of the Gravity Well,1989-10-22,,2010-02-13,2018-05-16 04:55:36,5.89,53.0,31932.0
Alex_Leonhart,4405213,16,126,37,7,43,108.46,Male,"Limeira,São Paulo",1989-10-26,,2015-01-10,2018-05-17 07:57:00,8.21,7.0,6486.0
Daenerys20,4544934,8,129,0,29,19,51.72,Female,,1992-04-07,,2015-04-07,1900-05-14 17:09:00,8.03,0.0,3038.0
Ebrietas,117901,4,298,0,42,4,78.31,Unknown,an alien plane consisting only of pain,2019-04-20,,2008-11-26,2018-05-14 19:05:00,4.66,22.0,4345.0
LitaChan,219223,9,159,47,43,10,62.72,Female,Italy,1990-06-03,,2009-08-10,1900-03-26 11:51:00,8.71,4.0,3813.0
NumbSoul_x,547851,4,96,4,17,112,38.7,Female,my wonderland ,1989-06-20,,2011-08-17,2017-06-27 12:28:00,7.77,0.0,2255.0
God_of_Conquest,557605,24,183,0,0,16,103.06,Male,Land of Gods,,,2011-08-27,2012-09-17 19:46:00,8.86,0.0,6173.0
Hillbilly53,3911399,2,102,4,3,91,20.39,Male,United States of America,,,2014-07-09,1900-01-28 19:54:00,7.97,9.0,1212.0
Puja,233617,7,125,7,17,52,54.33,Female,"Lisbon,Portugal",1995-05-11,,2009-09-13,1900-04-08 14:39:00,7.28,0.0,3176.0
FadedWolf19,39525,11,50,4,4,29,40.4,Male,,1991-01-06,,2008-02-25,2010-12-31 17:32:00,8.07,13.0,2410.0
AoiMirai,3607975,5,45,5,0,5,18.31,Female,In an Esper World,,,2014-03-02,2015-06-16 11:51:00,8.43,4.0,1064.0
jessielynne,331877,10,15,0,0,2,27.87,Female,yonkers newyork,1992-09-16,,2010-05-22,2010-05-22 22:42:00,8.6,51.0,1638.0
Suffaru69,5695726,8,207,0,7,14,44.57,Unknown,,,,2016-09-14,2018-05-17 00:05:58,7.44,3.0,2681.0
SophieH,4826043,3,35,0,0,8,8.1,Unknown,,,,2015-08-20,2016-05-11 20:57:00,7.83,0.0,492.0
Atlas-,5124529,35,143,45,7,329,22.48,Unknown,Roanapur,,,2016-01-12,2018-05-18 04:11:49,7.68,1.0,1524.0
kungfutornado,206139,14,27,12,9,4,17.01,Female,Massachusetts,1994-01-17,,2009-07-11,2013-02-24 18:47:00,7.0,0.0,1035.0
memphis92,1177935,3,186,22,1,170,63.4,Unknown,,,,2012-03-02,2012-08-20 11:13:00,8.06,0.0,3738.0
Shaulys,74571,0,24,3,4,15,11.3,Male,,1990-11-03,,2008-07-07,2014-11-13 17:29:00,8.52,9.0,677.0
MrColy69,1094449,16,61,2,3,44,30.41,Male,"Koszalin, Zachodniopomorskie, Poland",1992-08-02,,2012-01-08,2014-07-05 15:44:00,9.05,10.0,12488.0
Numero_Zero,500437,19,1411,0,0,19,341.51,Male,"Grenoble, France",1990-04-12,,2011-06-18,2018-05-16 18:22:19,6.74,228.0,20706.0
joklaro,1999046,56,1022,0,18,117,347.44,Male,Kanto Region,,,2013-01-06,1900-05-16 20:35:00,5.57,39.0,20707.0
AgueroKun10,280212,14,59,4,8,127,18.18,Male,Plymouth UK,1990-04-27,,2010-01-08,2011-04-06 18:34:00,7.86,2.0,1080.0
Romashko,198203,3,45,1,0,2,11.4,Unknown,,,,2009-06-24,1900-03-28 11:31:00,8.09,0.0,654.0
AkaiNamida,14487,3,60,0,7,2,22.15,Unknown,,,,2007-09-22,2009-04-18 06:07:00,7.64,0.0,1306.0
jstrang14,108260,6,240,7,9,14,139.05,Male,Canada,1986-12-20,,2008-10-25,2015-01-11 22:00:00,5.86,26.0,8380.0
Amistrated,1287773,24,493,18,26,84,175.99,Male,istanbul,,,2012-05-04,2017-12-21 01:09:00,7.53,2.0,10485.0
mkw1991,418002,104,279,17,22,166,91.05,Male,Poland,1991-03-11,,2010-12-10,2014-04-30 08:22:00,8.71,9.0,5358.0
ShadowK195,3955529,7,217,6,8,77,132.45,Male,"Hatfield, Pennsylvania",1998-06-29,,2014-07-23,1900-05-13 11:29:00,7.86,16.0,7945.0
Biohazzard,30363,0,182,20,5,381,49.78,Male,"Denver, Colorado",1991-12-29,,2008-01-08,1900-04-13 22:22:00,7.47,26.0,2795.0
mdma,127796,2,430,10,33,15,98.43,Male,in front of you,1990-04-12,,2008-12-27,1900-05-05 05:40:00,6.02,6.0,5880.0
Maidenek,347148,0,318,7,89,140,104.35,Unknown,Poland-Rzeszów,1994-07-22,,2010-06-27,2015-02-19 15:09:00,8.55,12.0,6219.0
Drewge,245057,6,268,20,39,13,128.53,Male,Canada! Eh!,1990-10-18,,2009-10-11,1900-03-07 20:06:00,8.4,36.0,7706.0
Applecb007,6410415,9,47,19,8,392,15.12,Male,MARTE,2002-01-17,,2017-07-17,1900-05-07 12:27:00,7.14,0.0,884.0
xly15,327620,17,206,1,14,7,83.87,Male,"On My Computer, From My Chair, USA",,,2010-05-11,2015-12-21 10:47:00,8.29,54.0,4928.0
Ayako-chan,789325,7,514,27,61,76,125.59,Female,Germany,1997-06-05,,2011-10-21,2018-05-17 07:32:37,8.13,45.0,7534.0
Yokokurama1991,424808,4,159,4,21,12,132.8,Male,,1991-06-11,,2010-12-26,2012-10-11 18:17:00,7.43,240.0,7415.0
koyomi-araragi,1855560,6,226,21,25,145,84.92,Unknown,,,,2012-12-04,1900-03-21 11:23:00,7.21,0.0,4890.0
Celestial_,1807579,6,85,6,8,118,29.92,Female,Bosnia and Herzegovina,1996-08-12,,2012-11-24,1900-04-25 11:42:00,7.81,0.0,1834.0
LobsterRyoma,239029,30,283,50,87,40,173.8,Male,,,,2009-09-26,1900-02-24 07:14:00,7.11,97.0,10280.0
kuruta_tribe,448964,10,221,6,13,12,49.76,Unknown,Kuruta Land,,,2011-02-14,2018-05-14 16:57:00,7.84,10.0,3193.0
malushka007,435292,4,69,6,2,5,35.06,Female,,1994-04-01,,2011-01-15,2012-02-22 10:20:00,9.17,0.0,2079.0
eltern,223183,22,85,12,4,51,72.13,Unknown,,,,2009-08-19,2014-10-09 12:59:00,9.47,0.0,4270.0
phxjkr88,120568,52,449,35,8,209,199.8,Female,"Arizona, United States",,,2008-12-04,1900-01-21 17:58:00,7.34,102.0,12108.0
kufreabia,40642,3,35,2,2,5,18.21,Male,"Edmond, Oklahoma",1984-11-12,,2008-03-02,2014-12-14 02:00:00,8.0,2.0,1087.0
TheVolatileV,3630519,5,154,4,0,71,35.35,Unknown,,,,2014-03-13,2017-06-21 17:41:00,8.46,0.0,2067.0
Kazukii,53259,21,99,6,1,4,40.69,Unknown,,,,2008-04-15,2009-06-19 03:25:00,8.05,19.0,2382.0
mixse,36782,9,14,7,2,1,7.73,Female,"europe,lithuanian",,,2008-02-11,2008-03-24 04:03:00,7.67,0.0,454.0
SarinaMoonshine,945375,6,139,2,8,0,51.93,Female,Stein's lab,1995-07-27,,2011-11-14,2014-11-01 17:28:00,8.11,0.0,3170.0
HurpDurp,1218725,7,274,51,0,172,82.54,Male,Noep,1990-12-05,,2012-03-28,1900-03-14 15:09:00,8.19,47.0,4919.0
Amateratsu,178456,18,765,61,62,110,285.18,Male,"Sofia, Bulgaria",1994-11-08,,2009-05-04,1900-05-08 15:47:00,7.26,116.0,17614.0
Arisaka22,4821922,10,204,21,76,133,37.62,Female,"Halifax, Canada",2002-02-22,,2015-08-18,1900-02-11 15:16:00,7.38,0.0,2269.0
White_Elysion,3292213,36,194,19,6,30,47.95,Female,Paris ,1998-10-21,,2013-10-25,1900-04-26 04:04:00,7.02,6.0,2795.0
outlawvenom,59559,23,193,10,6,72,45.51,Male,"Hillbilly, New Hampshire",1987-12-02,,2008-05-10,2017-04-21 09:34:00,7.23,0.0,2508.0
LuizSW,3143339,3,261,31,5,262,65.82,Male,Brazil,1995-08-15,,2013-09-11,2018-05-18 07:12:40,8.7,0.0,4004.0
The_Narutard,347202,2,47,0,0,2,53.29,Male,"Boise, ID",1985-08-24,,2010-06-27,2011-08-09 00:05:00,8.32,104.0,4037.0
CitizenTwo,6026905,7,101,4,8,4,32.07,Male,,,,2017-02-03,1900-05-12 18:59:00,7.56,2.0,1860.0
TeiChan,561073,1,132,25,10,57,42.85,Female,Michigan,1996-03-09,,2011-08-31,2017-09-22 15:15:00,7.87,2.0,2521.0
Sachon,1329743,16,43,0,0,0,10.49,Unknown,,,,2012-06-03,2013-06-17 13:57:00,9.22,0.0,622.0
TheBattleBunny,1365901,13,197,33,14,270,56.0,Male,"Eientei, Gensokyo",,,2012-06-26,1900-05-12 13:50:00,8.09,5.0,3195.0
Soulus_,3579113,5,60,4,2,49,13.89,Male,"Dapto, NSW",1998-07-02,,2014-02-16,1900-05-16 03:45:00,7.17,1.0,789.0
keyvoker,1776999,17,117,26,3,46,55.0,Female,Philippines,1996-08-01,,2012-11-16,2013-04-05 17:21:00,7.86,16.0,3268.0
KratosXIII,343531,9,178,19,14,24,72.8,Male,,1993-10-26,,2010-06-19,2015-02-26 08:28:00,7.94,27.0,4356.0
Zetowata,222597,17,156,73,3,46,67.6,Female,On your screen x3,,,2009-08-18,2017-03-20 16:00:00,8.44,13.0,4123.0
thklx1,4084845,17,21,2,6,12,7.18,Male,"Minas Gerais, Brazil",1998-07-10,,2014-09-08,1900-05-03 22:33:00,8.93,0.0,409.0
xShandownX,1462583,18,185,3,3,173,63.58,Male,,1994-12-17,,2012-08-16,2015-03-29 21:05:00,7.1,0.0,3804.0
RobAndDiana,225615,20,19,0,11,49,3.82,Male,"Levittown, PA, USA",1973-10-07,,2009-08-25,2010-07-12 16:26:00,7.96,0.0,180.0
Arisu_utau,296789,52,192,21,14,59,57.8,Female,Brazil,1993-12-27,,2010-02-20,1900-05-15 16:41:00,9.04,2.0,3482.0
DigitalDevilSin,6439405,11,163,20,10,95,67.05,Male,,1993-01-23,,2017-07-28,1900-05-11 19:08:00,6.98,0.0,3977.0
HeartSeeker,78995,0,30,5,40,6,28.76,Male,Travelling between Sylvarant and Teth' ella,,,2008-07-23,2009-09-02 03:33:00,6.91,24.0,1621.0
psychodrive,5528058,7,81,15,16,83,31.61,Unknown,,,,2016-07-05,2018-05-16 17:55:17,7.98,2.0,1880.0
temujin,57976,183,1078,8,11,70,387.48,Male,"Tulsa, Oklahoma",1987-06-01,,2008-05-04,2018-05-18 11:13:03,6.73,63.0,23297.0
Poltavskaya,5046184,6,143,9,15,212,34.33,Female,Russia,,,2015-12-12,1900-05-16 13:30:00,5.62,5.0,2001.0
headshot666,117202,9,154,3,1,27,91.44,Male,"Braga, Portugal",,,2008-11-24,2011-05-28 02:57:00,5.89,0.0,5446.0
suzunehajime,1222971,27,134,7,5,76,44.87,Male,,1997-01-01,,2012-03-30,2014-12-26 08:32:00,8.9,0.0,2710.0
Jantian,1097237,8,174,21,4,25,76.9,Male,"Melbourne, Victoria",,,2012-01-10,1900-03-09 05:04:00,7.64,4.0,4542.0
erastale,110986,9,20,1,0,0,7.2,Unknown,,,,2008-11-03,2014-01-09 11:57:00,8.8,0.0,426.0
Shimatani,117789,1,26,0,0,0,7.61,Unknown,,,,2008-11-26,2011-05-01 13:48:00,9.07,0.0,444.0
dinnozap,5548081,2,31,1,12,14,9.25,Unknown,,,,2016-07-13,1900-05-10 13:59:00,9.55,0.0,541.0
Shiho,227771,2,175,1,9,15,82.81,Male,Eeklo (Belgium),1993-10-24,,2009-08-30,2016-12-09 12:28:00,8.07,15.0,4946.0
Hyoga,98714,22,129,10,5,39,65.27,Female,"Fehérgyarmat, Hungary",1992-10-15,,2008-09-26,2011-10-31 06:08:00,8.32,35.0,4082.0
mlc,380001,11,204,8,3,109,74.27,Unknown,,,,2010-09-06,1900-03-14 10:46:00,7.12,0.0,4436.0
Ruri01,351868,4,503,0,0,217,62.91,Female,Germany =D,1994-02-06,,2010-07-07,2018-05-17 18:33:48,8.77,0.0,3810.0
tastybear,1129895,12,131,12,23,79,33.23,Female,"Atlanta, GA",,,2012-02-02,1900-04-01 08:46:00,7.04,0.0,1950.0
Evilain,2518927,7,327,12,3,71,91.57,Male,Mende,1992-01-03,,2013-05-03,2017-12-05 17:39:00,6.83,0.0,5539.0
YungAbuDhabi,3005675,0,93,0,2,5,16.64,Unknown,,,,2013-08-07,2017-05-24 16:33:00,9.96,0.0,1013.0
ZyklonEvil,434858,9,71,10,0,22,27.24,Unknown,,,,2011-01-14,2016-03-08 08:48:00,8.62,3.0,1643.0
Bwaffles,82887,4,178,1,20,45,49.12,Female,"Ontario, Canada",1991-04-21,,2008-08-04,1900-05-11 19:10:00,7.3,39.0,2672.0
Wargasm,3608,6,200,3,6,6,62.36,Male,"Dublin,Ireland",1987-10-02,,2007-04-26,2014-11-11 04:51:00,7.73,0.0,3624.0
kurichan,84303,2,85,7,9,23,33.1,Female,between here and there,1981-09-07,,2008-08-09,2016-11-16 08:08:00,7.22,10.0,1909.0
Myou-Myou,692389,8,174,5,26,6,82.49,Female,France,1996-01-15,,2011-10-04,1900-04-16 07:34:00,6.65,2.0,4894.0
_Alice-chan_,188517,31,51,0,0,76,20.15,Female,Wonderland,1996-05-27,,2009-05-31,2011-03-17 13:03:00,7.84,0.0,1213.0
chends,1700501,3,163,3,2,87,54.59,Unknown,Brasil,1996-12-25,,2012-10-29,1900-05-15 15:12:00,7.2,0.0,3256.0
TheFarshooter,4743922,1,36,4,6,5,19.02,Male,South London,1998-02-06,,2015-07-14,1900-04-10 08:30:00,7.08,3.0,1134.0
GOTENSP2,1399077,11,532,15,17,106,178.6,Male,,,,2012-07-15,2018-05-17 10:25:00,8.1,10.0,10713.0
Kandomaru,202008,8,1006,7,112,70,216.61,Male,Puerto Rico,1986-05-11,,2009-07-03,2018-05-18 02:13:36,6.99,24.0,12257.0
Clicking,1390253,11,323,18,1,40,89.28,Male,"Sacramento, California ",,,2012-07-11,1900-05-14 12:40:00,5.48,3.0,5302.0
marikslildevil,23214,0,27,8,2,33,16.9,Unknown,,,,2007-11-23,2008-11-19 06:53:00,8.22,3.0,1001.0
Cathari,36360,12,47,0,2,1,33.25,Unknown,,,,2008-02-08,2008-11-07 20:35:00,9.37,0.0,2000.0
KuuhakuDesu,4760635,18,437,7,27,365,99.46,Male,Brazil,1996-02-27,,2015-07-21,2018-05-15 09:41:26,7.84,46.0,6164.0
Chumaster59,387975,23,710,13,1,319,144.52,Male,"Cheboksary, Russia",1988-02-02,,2010-09-26,1900-05-12 09:45:00,8.08,0.0,8987.0
Johnyschimpo,1541137,38,1982,0,0,2,365.87,Male,Czech Republic,1989-07-31,,2012-09-25,1900-05-16 14:12:00,6.78,0.0,23405.0
Mysteic,269464,2,700,5,76,92,192.01,Male,,1984-02-08,,2009-12-13,2018-05-13 17:59:00,6.38,91.0,11040.0
bakajet,158617,0,666,1,103,2,143.82,Male,Malaysia,1987-08-04,,2009-03-12,1900-04-09 05:22:00,8.17,0.0,8530.0
Lukiris,5302304,17,217,31,39,218,67.29,Male,Vilnius,1998-02-17,,2016-03-31,1900-05-07 23:13:00,7.17,12.0,3945.0
Fuku_Bot,487854,7,94,3,0,0,53.58,Male,"Melilla, España",1987-11-01,,2011-05-17,2017-06-25 17:19:00,7.93,0.0,3177.0
Diablo866,251639,13,219,3,0,0,94.52,Unknown,,1986-06-24,,2009-10-27,1900-03-05 19:56:00,7.97,0.0,5573.0
MugenNoJuuin,149274,13,231,0,0,5,92.85,Male,Plovdiv,1988-12-20,,2009-02-12,2015-08-07 04:01:00,8.16,0.0,5479.0
Koorhonen,28382,3,194,0,0,1,102.13,Male,"Oulu, Finland",,,2007-12-29,2014-09-16 13:25:00,8.68,9.0,6094.0
eclairs,511736,16,162,2,4,17,47.48,Male,"Kuala Lumpur, Malaysia",1986-11-15,,2011-07-11,2013-03-11 20:47:00,7.69,0.0,2881.0
Ralph_Cloud,244461,9,77,11,11,17,31.91,Male,Riga,1991-12-02,,2009-10-09,2012-05-23 01:19:00,7.78,0.0,1886.0
Fabiozilla,6307105,7,24,3,7,5,22.68,Male,"Sergipe, Brasil",,,2017-06-10,1900-01-13 16:55:00,7.26,2.0,1356.0
damara_kurota,6803148,21,55,3,2,105,26.35,Unknown,,,,2017-12-13,1900-02-14 13:30:00,7.78,0.0,1553.0
SharpTheGamer,3056355,7,50,1,0,40,13.88,Male,England,,,2013-08-16,2016-02-22 02:11:00,7.92,0.0,830.0
playmakerjiz,1122183,44,162,30,9,73,39.92,Male,Australia,1990-08-14,,2012-01-27,2013-09-14 20:03:00,8.12,11.0,2391.0
roofa,1160203,8,201,3,26,57,102.32,Female,makkah,1994-07-25,,2012-02-21,2018-05-18 04:14:00,7.84,8.0,6061.0
miyuu89,296390,16,111,10,8,18,24.07,Female,"Jakarta, Indonesia",1989-04-02,,2010-02-19,2013-07-20 08:36:00,7.56,0.0,1415.0
OtakuPowerx100,3978105,1,27,2,2,8,8.15,Male,Florida,1996-08-24,,2014-07-30,2017-06-13 21:34:00,8.41,0.0,490.0
Lavina,50662,24,95,6,53,52,48.79,Female,Poland,1991-12-22,,2008-04-10,2016-09-14 13:30:00,6.22,3.0,2946.0
Aries_Yuki,120456,2,20,7,0,3,9.34,Female,"Forks, Washington",1993-02-03,,2008-12-04,2016-03-06 00:55:00,8.17,2.0,527.0
Firzen592798,1179953,37,841,3,47,103,297.12,Male,Brazil,1992-03-14,,2012-03-03,2018-05-16 01:58:43,6.81,25.0,18099.0
KotomiQQ,493397,115,285,7,7,63,118.03,Unknown,Home watching anime.,,,2011-05-31,1900-05-04 22:08:00,8.01,10.0,6993.0
Okuu,81366,11,58,15,11,105,32.76,Unknown,,,,2008-07-30,2010-06-25 15:32:00,7.31,1.0,1975.0
skullgirl,5271059,6,197,3,2,48,57.72,Female,Somewhere,,,2016-03-18,2018-05-16 20:26:00,7.12,6.0,3567.0
yjshin,3186675,3,274,1,0,19,63.73,Male,"Vancouver, BC",1996-07-20,,2013-09-23,1900-02-07 12:27:00,9.15,0.0,3777.0
jordan0708,44801,2,98,1,1,1,19.15,Unknown,,,,2008-03-22,2010-07-29 10:01:00,7.75,6.0,981.0
pinacka,184141,12,90,8,10,16,36.32,Female,Lithuania,1993-04-27,,2009-05-19,2017-06-09 14:37:00,8.75,0.0,2181.0
Yosumi2000,1198879,11,357,7,0,49,117.37,Male,GA,1987-10-17,,2012-03-14,2018-05-15 02:31:22,7.84,96.0,6819.0
Yup-,3517377,2,106,0,10,27,33.41,Male,"Buenos Aires, Argentina",,,2014-01-24,1900-05-01 09:58:00,8.55,0.0,1982.0
8bitjoestar,4463865,7,66,0,2,0,50.24,Unknown,,,,2015-02-11,2015-02-13 01:48:00,6.6,29.0,2906.0
sammycakes,319556,1,48,1,1,3,27.66,Female,,,,2010-04-21,2012-11-10 17:06:00,7.27,0.0,1634.0
Kaga_Kouko,1335681,21,617,64,165,74,118.15,Male,,1995-07-19,,2012-06-07,1900-05-16 14:18:00,7.12,41.0,7636.0
Ashisan,184823,5,151,28,10,35,43.77,Male,France,1992-12-02,,2009-05-21,2018-05-18 00:14:20,7.98,0.0,2630.0
thracias,889909,16,150,45,12,110,84.34,Male,,,,2011-11-06,2015-06-07 11:59:00,8.01,1.0,5092.0
jajazinha,375119,1,295,14,9,55,99.27,Female,"Rio de Janeiro, Brasil",1989-02-11,,2010-08-26,1900-05-15 19:24:00,7.63,28.0,5980.0
Shien77,479240,6,142,17,13,92,25.38,Unknown,The Void,1989-11-23,,2011-04-26,1900-01-19 12:32:00,7.91,6.0,1791.0
TachikomaShiki,3023765,0,201,2,0,35,49.35,Male,England,1992-08-13,,2013-08-10,1900-05-07 23:19:00,7.75,140.0,2885.0
Civille,3437741,2,303,0,0,0,121.44,Male,ΛΑΡΙΣΑ,1993-11-03,,2013-12-28,2018-05-14 12:44:00,7.96,0.0,7351.0
Hirako,988,4,355,20,46,16,100.63,Male,Germany,1987-01-01,,2006-10-19,2013-05-03 10:12:00,6.52,0.0,6070.0
JessAlba452,33381,6,15,8,0,23,6.11,Female,"Atlanta, GA",1986-09-16,,2008-01-24,2009-07-07 01:28:00,8.48,0.0,330.0
D3vin,321204,1,139,5,3,32,42.66,Male,,,,2010-04-26,1900-05-02 16:35:00,7.96,0.0,2504.0
ShadowBird998,4982230,44,159,19,44,344,31.41,Male,,,,2015-11-08,1900-05-16 05:45:00,7.68,9.0,1813.0
cc_geass,46605,17,213,9,8,27,73.86,Female,Florida,1989-05-25,,2008-03-30,1900-04-15 15:05:00,8.41,0.0,4403.0
Sheathe,82833,0,288,0,17,19,61.58,Male,"Las Vegas, Nevada",1990-01-09,,2008-08-04,1900-02-26 19:31:00,7.1,0.0,3712.0
DavenNaruto,248567,0,60,3,6,8,37.84,Male,"St. Louis, Missouri",,,2009-10-19,1900-05-14 16:33:00,8.14,14.0,2331.0
WhiteCherry5,356155,48,212,62,31,231,61.94,Female,"South Carolina, USA",,,2010-07-16,1900-04-22 20:45:00,7.87,147.0,3805.0
Kaelyn,87581,10,77,8,7,77,55.99,Female,Bulgaria,1988-10-06,,2008-08-20,1900-05-11 06:18:00,6.99,18.0,3347.0
imadoki44,401604,14,94,14,3,8,42.78,Male,"Cavite, Philippines",1993-10-29,,2010-10-29,2011-07-12 03:21:00,9.29,0.0,2555.0
Kiyaa,153888,15,1021,20,32,38,316.7,Female,"Sweden, Kalmar",1988-02-15,,2009-02-26,1900-04-23 04:22:00,7.14,64.0,19083.0
Xizer,136493,4,23,2,0,33,3.56,Male,,,,2009-01-18,1900-03-15 19:25:00,7.8,0.0,184.0
EuroSubstance,25769,86,656,25,1,159,208.05,Male,Canada,,,2007-12-11,1900-05-15 22:18:00,8.32,24.0,12239.0
odzuchi-kodzuchi,1093187,24,98,9,10,89,74.02,Female,,1991-12-06,,2012-01-07,2015-01-11 06:09:00,7.9,0.0,4437.0
TheBloodyDark,203146,0,27,0,0,0,6.08,Male,Poland,1993-07-13,,2009-07-05,2011-07-10 12:23:00,8.67,0.0,361.0
Gracigloo,231439,6,74,2,6,86,20.64,Female,,1996-10-25,,2009-09-07,2016-05-25 13:49:00,8.03,13.0,1300.0
xLoki,133900,0,714,6,10,8,225.3,Male,Canada,1994-05-11,,2009-01-11,2018-05-17 03:43:00,7.79,151.0,13595.0
Kumojuice,194174,2,26,1,1,2,27.94,Male,,1993-02-24,,2009-06-14,2017-08-19 22:08:00,8.3,0.0,1672.0
Brye96,2769185,3,167,1,1,317,46.63,Male,Colorado,1996-09-09,,2013-06-25,1900-01-11 20:21:00,8.45,34.0,2781.0
Yasooo15,2863301,52,506,15,32,141,140.65,Female,egypt cairo,1998-10-06,,2013-07-12,2017-05-15 15:29:00,8.21,28.0,8555.0
Decagon7,128051,9,31,1,6,72,20.0,Unknown,,,,2008-12-28,2015-09-11 13:06:00,8.48,0.0,1170.0
Dark_Saitama,75506,0,978,213,16,294,229.61,Male,"Portugal, Aveiro",,,2008-07-10,1900-05-09 07:06:00,7.23,13.0,15193.0
kuran-_-yuuki,2536067,5,20,2,0,8,23.62,Unknown,,,,2013-05-07,2013-09-21 01:14:00,9.55,32.0,1413.0
EerieLime,233309,18,138,103,2,448,20.51,Female,Ohio,1992-05-15,,2009-09-12,1900-05-13 19:19:00,7.65,0.0,1473.0
RiceCandies,3002899,6,19,9,1,3,9.02,Female,,1990-06-05,,2013-08-06,2015-03-02 23:56:00,7.44,5.0,547.0
gogatsu_clauds,98289,18,104,1,0,14,47.45,Female,"cebu, philippines",1994-05-07,,2008-09-25,2009-08-30 04:52:00,9.49,0.0,2838.0
skatetough,1307089,15,57,0,0,35,29.25,Female,New York,,,2012-05-18,2017-08-03 07:40:00,8.11,0.0,1727.0
cbakesalot,4696867,5,74,6,0,48,27.67,Female,"San Diego, California",,,2015-06-24,1900-05-02 09:34:00,7.13,27.0,1529.0
Herrkuba,180187,8,91,4,2,21,57.39,Male,Poland Łódź,1992-03-07,,2009-05-08,1900-01-12 03:07:00,8.22,0.0,3446.0
Rarok,57890,18,868,89,33,124,173.27,Male,"Galicia, Spain",1987-05-21,,2008-05-03,1900-02-27 08:42:00,7.1,22.0,10420.0
Leuron,2568373,4,60,0,0,75,41.27,Male,,1997-12-01,,2013-05-14,2014-10-01 15:45:00,7.83,0.0,2485.0
NatsumiHime,167839,11,96,29,17,36,48.51,Female,,1993-12-13,,2009-04-07,2017-08-30 20:38:00,7.44,2.0,2970.0
Haloblades,427627,11,57,0,0,0,14.61,Male,"London, UK",,,2011-01-01,2011-03-03 14:07:00,7.56,0.0,803.0
JojoYabuki,3118797,16,301,8,0,214,108.31,Male,Evry,1994-01-05,,2013-09-05,2018-05-18 08:15:12,5.67,0.0,6441.0
Kairo-san,6482555,0,131,17,8,89,85.36,Male,Brazil,,,2017-08-14,2018-05-15 17:24:00,7.67,44.0,5180.0
Bassgs0,113550,6,241,11,26,13,121.8,Male,,,,2008-11-11,1900-03-02 07:46:00,8.05,0.0,7283.0
Yimir,442435,14,706,2,20,56,229.38,Male,"Ontario, Canada",1990-09-04,,2011-01-30,1900-05-13 18:18:00,7.81,4.0,13924.0
Midoriwater,2006288,8,283,1,1,6,85.1,Male,,,,2013-01-08,2013-08-06 13:19:00,7.55,29.0,5025.0
processr,175957,1,281,2,55,0,54.23,Male,London,1992-08-27,,2009-04-27,1900-04-03 16:25:00,6.61,2.0,3410.0
Jaridan,2789511,82,562,0,0,12,266.06,Unknown,,,,2013-06-29,1900-05-16 17:41:00,7.37,96.0,15949.0
FireDragon,306847,0,51,0,1,60,23.49,Male,,,,2010-03-21,1900-01-27 11:35:00,7.37,2.0,1381.0
Turkish,14783,3,257,1,0,137,86.46,Female,"KE - THC, Slovakia",,,2007-09-24,1900-03-18 08:47:00,8.93,149.0,5146.0
x_DinosaurAnna_x,184941,26,8,0,2,14,4.84,Female,Somewhere your not~,,,2009-05-21,2011-03-26 05:44:00,9.69,0.0,284.0
teksis,171400,5,129,10,4,69,49.79,Male,Sofia/Bulgaria,1990-10-16,,2009-04-16,2011-12-16 15:34:00,8.29,0.0,2934.0
PeriodCramps,1838538,4,56,5,4,25,25.23,Female,East Coast,,,2012-11-30,2013-09-12 13:43:00,7.32,24.0,1377.0
Anpansan,2535117,14,344,9,1,8,107.56,Unknown,,,,2013-05-07,2018-05-18 10:15:31,7.59,0.0,6615.0
Shinii24,346726,10,439,21,14,54,166.07,Male,"Cracow, Poland; Berlin, Germany",1989-12-18,,2010-06-26,1900-05-13 04:25:00,7.86,0.0,9882.0
Euna,2790973,16,136,5,20,6,73.71,Unknown,,,,2013-06-29,2018-05-17 05:34:39,7.3,17.0,4373.0
MadTesla,4821934,12,137,16,70,50,26.74,Male,"Ventura, CA",1979-05-01,,2015-08-18,2018-05-18 06:15:33,7.61,0.0,1561.0
MisatoLx,1056489,20,188,4,3,31,116.94,Unknown,,,,2011-12-13,2018-05-15 08:48:00,7.81,5.0,6889.0
Piterman,4243451,18,592,2,66,9,162.2,Male,"Wrocław, Poland",1997-02-02,,2014-11-10,2018-05-18 12:15:36,6.57,0.0,9955.0
dannydamon,3360001,0,108,0,0,10,27.0,Male,,,,2013-11-24,1900-04-27 10:03:00,8.08,0.0,1598.0
wetcftseg,1441291,1,27,399,0,2,1.16,Male,Canada,1993-01-01,,2012-08-06,2015-08-24 22:42:00,9.86,0.0,38.0
Garro,297311,1,78,3,15,5,66.54,Male,Chile,1993-01-22,,2010-02-21,2017-02-28 09:38:00,8.14,38.0,4034.0
cabesyho,322674,5,83,10,5,35,40.85,Unknown,,1994-02-03,,2010-04-29,2015-01-27 23:47:00,8.44,0.0,2445.0
Virus3x,312034,12,407,12,20,36,125.03,Male,,1992-11-04,,2010-04-04,1900-02-02 12:24:00,8.05,28.0,7423.0
Sinker,536927,4,197,5,49,28,92.07,Male,,1995-11-21,,2011-08-06,1900-01-26 09:20:00,7.81,10.0,5517.0
Ermenda,216850,7,202,3,3,50,83.87,Male,Canarias/Tenerife,1992-05-07,,2009-08-05,1900-05-08 06:55:00,7.43,0.0,4950.0
Levy56,661681,17,212,6,13,18,82.27,Unknown,,,,2011-09-28,1900-04-28 18:42:00,8.11,0.0,4927.0
fak3_,294732,7,158,0,1,9,81.09,Male,Aveiro,1989-02-10,,2010-02-14,2018-05-16 02:16:00,8.2,0.0,4904.0
ld_7,4915164,4,280,0,8,1,85.46,Male,Kansas ,,,2015-10-04,1900-05-16 21:48:00,8.67,0.0,5131.0
LEMMiNO,2301817,0,89,0,7,6,27.01,Male,,1993-04-25,,2013-03-14,2017-08-18 07:39:00,8.14,0.0,1431.0
-OoKaMi-,211614,3,249,41,61,90,72.73,Male,"Lille, France",1985-05-14,,2009-07-22,1900-04-29 07:48:00,7.61,0.0,4436.0
dilainy,85352,2,167,0,0,0,74.19,Female,Netherlands,1995-08-07,,2008-08-12,1900-02-05 13:08:00,8.65,0.0,4447.0
Desty,79008,41,592,2,20,258,118.09,Male,Franken Grosswalbur ,1986-09-22,,2008-07-23,2013-04-28 06:35:00,7.03,0.0,7099.0
x33mumu,357671,12,227,1,12,9,59.26,Male,Thailand,1993-05-10,,2010-07-19,1900-02-14 01:10:00,8.21,11.0,3478.0
Animowana,310857,2,20,0,2,0,8.7,Unknown,,,,2010-04-01,2010-06-05 00:25:00,7.5,0.0,516.0
Altraum,18978,156,700,0,0,721,155.69,Male,France,1989-02-08,,2007-10-27,2018-05-16 23:12:56,6.31,0.0,9527.0
shadow-swan,433951,4,44,11,13,5,13.43,Female,,,,2011-01-12,2016-03-02 20:07:00,7.53,4.0,789.0
hohoEmi,145270,2,224,0,0,5,89.45,Female,Portugal,1988-12-26,,2009-02-01,2017-02-18 11:39:00,7.4,0.0,5372.0
TJ,7116,12,137,43,1,40,123.75,Male,"Norman, Oklahoma",,,2007-07-08,2017-10-03 02:11:00,7.77,70.0,9809.0
omoikane27,1240713,87,216,37,50,32,50.87,Male,New York ,1995-01-01,,2012-04-09,1900-05-08 04:40:00,6.41,0.0,3095.0
Nashiyo,23579,6,407,0,11,9,133.54,Male,Somewhere in Sweden :o,1988-08-12,,2007-11-25,2015-05-31 08:03:00,6.66,14.0,7907.0
AmeFaerie,172976,4,73,13,22,4,37.66,Female,Wonderland,,,2009-04-20,2016-02-16 12:44:00,7.79,0.0,2217.0
Icymoon2,231615,30,79,29,12,73,52.05,Male,Singapore,1992-02-14,,2009-09-08,2016-11-16 17:02:00,7.66,5.0,3109.0
paradoxjelli,366798,25,100,29,17,142,65.9,Female,,1994-08-23,,2010-08-07,2016-02-26 16:37:00,8.29,143.0,3749.0
koreanwalker,131139,49,286,46,293,18,99.97,Male,"Seattle, WA",1987-03-26,,2009-01-04,2017-06-23 02:30:00,6.29,0.0,5864.0
IceSkyBlaze,1244389,10,144,35,18,116,61.18,Female,Ylisse ,,,2012-04-10,1900-03-10 16:17:00,7.89,0.0,3658.0
Mayuri-Nyan,1140411,12,202,11,5,417,89.95,Female,France,1995-05-04,,2012-02-09,1900-05-12 13:11:00,7.51,12.0,5467.0
Chiisai-cat,1394761,6,48,6,7,11,33.16,Female,Italia,,,2012-07-13,2014-05-18 05:10:00,7.7,0.0,1927.0
kalo,24509,30,102,6,16,42,59.6,Male,ping pong central,1988-08-23,,2007-12-02,2009-09-09 10:55:00,7.21,53.0,3480.0
Kijin_Kurokage,353235,2,35,0,2,0,29.41,Female,"Van Wert, Ohio",1989-05-03,,2010-07-10,2013-10-06 13:47:00,9.72,15.0,1749.0
ForeverAnime1412,5107789,22,225,35,13,42,139.68,Male,,,,2016-01-06,1900-05-08 18:30:00,7.95,17.0,8456.0
kelomol,3920519,15,211,7,15,99,52.8,Male,"Maturín, Monagas. Venezuela",1992-05-27,,2014-07-12,1900-05-14 06:43:00,7.37,0.0,3213.0
ace1410,5610606,2,51,8,0,37,40.41,Male,,,,2016-08-08,1900-01-27 09:36:00,7.84,0.0,2409.0
mattmagician,30407,6,153,22,18,9,58.36,Male,"Cleveland, OH",1991-07-13,,2008-01-08,2016-03-09 03:27:00,7.62,18.0,3468.0
LangleyAsuka,4920161,12,102,3,7,66,51.17,Unknown,,1997-03-02,,2015-10-06,2018-05-18 08:16:21,7.49,0.0,2989.0
Andeby,115166,11,103,0,8,11,39.77,Male,Norway,1992-05-24,,2008-11-17,1900-05-15 06:15:00,7.11,0.0,2384.0
Odysseus,3353865,2,157,1,0,18,71.72,Unknown,"London, England ",,,2013-11-21,1900-05-13 12:00:00,7.08,13.0,4171.0
Index1,3848515,2,63,2,8,2,15.82,Male,,,,2014-06-16,1900-05-08 17:35:00,6.89,0.0,894.0
ChibiCrow,99346,5,161,1,1,213,67.01,Unknown,Behind you. Hello~,1996-01-17,,2008-09-28,2018-05-14 15:44:00,8.04,7.0,4353.0
MysTiCAnGeL08,136717,28,262,34,3,221,120.1,Male,Somewhere,1991-03-08,,2009-01-19,2013-10-18 22:21:00,8.72,160.0,7191.0
DarthNicolas,21941,6,1264,8,143,1,265.17,Male,"Athens,Greece",1988-09-05,,2007-11-15,1900-05-02 07:27:00,6.47,0.0,17540.0
Kittosz,5458331,5,53,8,5,35,38.77,Male,"Santa Catarina, Brasil",1998-03-09,,2016-06-06,1900-05-07 17:45:00,6.32,7.0,2346.0
Kanade20,1091031,41,252,35,6,236,71.83,Unknown,,,,2012-01-06,2017-07-06 13:41:00,8.72,0.0,4455.0
Yuki-Sempai,258462,137,129,46,1,76,36.7,Male,"desk, room ,house ,earth ",,,2009-11-14,2015-10-06 02:44:00,7.7,0.0,2231.0
rafi160,1163153,68,1308,52,15,58,318.56,Male,"Gotham, New York",,,2012-02-22,2018-05-18 09:16:42,8.14,0.0,19240.0
Tript,145869,3,187,41,3,13,55.77,Male,Brazil,1991-08-30,,2009-02-03,1900-05-10 04:17:00,7.47,5.0,3326.0
omnitsurugi,416466,3,214,0,2,181,79.77,Unknown,,,,2010-12-05,2018-05-18 04:16:45,7.45,0.0,4815.0
Lord_Shadowsbane,1739273,4,389,41,2,34,89.2,Male,New York,1992-11-01,,2012-11-07,2017-05-18 13:33:00,5.71,1.0,5321.0
BorderKeeper,4596770,5,118,9,22,1,34.21,Male,"Brno, Czech Republic",1994-04-16,,2015-05-05,1900-01-15 18:20:00,6.17,2.0,2076.0
Kreature,2665285,5,498,24,4,36,90.96,Male,,1994-06-01,,2013-06-04,2018-05-15 19:00:53,7.37,7.0,6025.0
Emikki,4071361,4,116,4,12,15,33.37,Female,Northern Ireland,1997-12-03,,2014-09-03,2018-05-17 09:25:00,7.61,0.0,2045.0
natsu2k3,3764707,169,372,0,0,1000,108.44,Male,japan/tokyo,1991-06-10,,2014-05-09,2018-05-14 23:48:03,7.77,3.0,6708.0
Rewrite,80191,9,158,44,27,26,62.31,Female,"Alfred, NY",1989-10-04,,2008-07-27,2010-10-11 18:23:00,7.46,0.0,3676.0
Ascension,12027,33,36,46,0,94,13.18,Male,Phila.,1988-03-09,,2007-09-02,2015-07-11 21:29:00,9.88,5.0,736.0
pokingmadness,115121,3,19,8,5,1,39.13,Female,Germany,,,2008-11-17,2009-10-27 16:24:00,8.65,16.0,2418.0
GysahlGreens,1130325,5,108,1,0,9,36.68,Unknown,,,,2012-02-02,2013-03-31 11:36:00,8.54,0.0,2136.0
EvaMassacre,3979853,42,214,1,5,152,49.43,Unknown,,,,2014-07-31,1900-04-30 01:07:00,6.76,0.0,3058.0
Gleative,1493715,7,58,7,5,116,47.62,Male,Norway,1995-05-29,,2012-09-03,1900-04-24 12:19:00,8.64,18.0,2900.0
jurassicjoey,109137,1,108,1,3,0,44.35,Male,riverside ca,1982-06-23,,2008-10-28,1900-05-14 21:00:00,7.45,0.0,2569.0
God_White,3420455,14,126,25,5,66,73.77,Unknown,,,,2013-12-20,1900-03-22 13:36:00,8.49,9.0,4455.0
TamingPlebians,7017842,0,26,1,3,11,26.61,Unknown,,,,2018-02-28,1900-05-07 20:30:00,6.89,0.0,1609.0
jojoxd,5156095,33,395,18,20,311,76.06,Unknown,021,,,2016-01-25,2018-05-17 13:38:00,7.44,45.0,4975.0
mrpotaco,3305283,14,431,42,49,87,141.11,Female,,1994-09-10,,2013-10-29,2017-05-24 08:45:00,7.94,0.0,8500.0
azurakanan,6239700,13,70,0,0,32,26.11,Female,,,,2017-05-10,1900-05-11 17:11:00,8.15,0.0,1564.0
calints,61473,58,428,0,5,803,163.26,Male,"Tupaciguara, Minas Gerais",1992-03-31,,2008-05-18,1900-01-11 17:29:00,8.88,0.0,9771.0
Causther,1290281,2,183,0,0,2,53.86,Male,"Madrid, Spain",1993-08-05,,2012-05-06,1900-05-09 12:00:00,7.34,0.0,3102.0
Ally,276084,7,115,54,2,182,33.06,Female,"Tampa, FL",,,2009-12-30,1900-04-08 17:55:00,8.56,0.0,1926.0
Negotiator,1137721,35,388,28,0,65,175.59,Male,,,,2012-02-07,1900-05-02 01:39:00,8.42,84.0,10282.0
RainbowJewel,186940,15,85,3,2,51,636.09,Female,Ireland,1934-09-14,,2009-05-27,2015-01-21 01:20:00,8.76,0.0,11531.0
dragonchick6,286820,1,36,0,3,290,18.76,Female,"Aberta, Canada",,,2010-01-24,2011-08-24 23:32:00,8.24,0.0,1107.0
AnimeFreak8,1264703,21,52,4,0,40,25.38,Female,,1997-07-14,,2012-04-20,2013-09-18 19:10:00,8.87,5.0,1611.0
Den-kun,564375,4,142,4,5,20,100.59,Male,Behind You!,2012-07-31,,2011-09-04,2012-03-11 03:07:00,7.93,2.0,6023.0
laxitivity,357588,2,65,1,13,37,25.5,Male,,,,2010-07-19,2017-11-18 18:00:00,8.43,22.0,1382.0
aGeilini,1500609,5,159,5,28,19,198.46,Female,"Europe, Faroe Islands, Tórshavn",1997-05-30,,2012-09-07,1900-04-09 09:41:00,7.4,144.0,11650.0
Mihyunaa,2293841,8,45,11,3,23,12.89,Female,,1998-08-27,,2013-03-12,2015-06-27 18:50:00,7.49,5.0,749.0
Ichigo_Milk,252729,2,386,27,37,41,96.23,Unknown,Russia,,,2009-10-30,2018-05-17 12:14:00,6.76,13.0,6190.0
Hime_chan,84581,32,1161,29,21,438,288.74,Female,Poland,1988-02-19,,2008-08-10,1900-05-11 12:10:00,7.62,3.0,18260.0
